time_s,x_m,y_m,yaw_rad,neff,particles,linear_command,angular_command
0.064,-0.05163189163641831,-0.01324416644432851,0.1049086330503477,5.458780763714183,800,0.0,0.0
0.256,-0.04741907050591258,-0.10676175570335947,-0.12867936831428883,460.5860616590609,800,0.0,0.0
0.448,-0.054025114415262455,-0.15488527509606917,-0.22534510226540005,183.1241733053433,800,0.0,0.0
0.64,-0.054346942974170594,-0.16190946340328066,-0.2545370939130125,485.3978782143057,800,0.0,0.0
0.8320000000000001,-0.04738525908479799,-0.14517909685041802,-0.23857596405266923,135.9361999611521,800,0.0,0.0
1.024,-0.03169107446910857,-0.10123911759230321,-0.18171030239689,369.6104497291455,800,0.0,0.0
1.216,-0.011927107532213028,-0.04561802168963624,-0.11087911078883206,63.87409533299177,800,0.0,0.0
1.408,0.0008882664685947365,-0.006064687346429694,-0.0887457608184925,407.29360748848967,800,0.0,0.0
1.6,0.004561409450369606,0.011567206987378694,-0.09869091228594717,155.61814291959382,800,0.0,0.0
1.792,0.005766057117343237,0.020323693281055127,-0.12228898340622685,598.3825729888335,800,0.0,0.0
1.984,0.006167292950728244,0.026371967442206812,-0.13851088360381913,404.91777673122647,800,0.0,0.0
2.176,0.006657697773483897,0.031006770320960532,-0.15020411808881784,281.5527221863507,800,0.0,0.0
2.368,0.007216525594053144,0.034897995784915294,-0.15912116930746745,202.55569630782577,800,0.0,0.0
2.56,0.007633029986709476,0.03943781258345578,-0.16875979648432926,721.5055790617273,800,0.0,0.0
2.7520000000000002,0.00857835117400991,0.043125013089207666,-0.17715320804817747,624.0844451044793,800,0.0,0.0
2.944,0.00943165638383011,0.04625848878338275,-0.18311352368494838,534.0318371208192,800,0.0,0.0
3.136,0.010182318425613554,0.04902278507090853,-0.1880685665366828,453.9466501742442,800,0.0,0.0
3.3280000000000003,0.010872380579370691,0.05140954995934339,-0.1919890925557297,387.19852785899394,800,0.0,0.0
3.52,0.011518617451968534,0.053596503671227064,-0.19502411634984718,331.20882174596636,800,0.0,0.0
3.712,0.012100290958875173,0.05556824711794585,-0.1978690648105892,283.5761760153825,800,0.0,0.0
3.904,0.012672750126019375,0.057384213115925266,-0.20003760894774025,244.09313000596072,800,0.0,0.0
4.096,0.013978986969900607,0.059431357337238006,-0.20509554277144426,763.860056844383,800,0.0,0.0
4.288,0.014488577291472559,0.061676211242813,-0.2081175596775129,721.1623583137499,800,0.0,0.0
4.48,0.014959242797356324,0.06371759225281866,-0.21065476410932282,669.4364272163365,800,0.0,0.0
4.672,0.015399500029689034,0.06564920288174993,-0.21286422441405817,614.2947410690889,800,0.0,0.0
4.864,0.015751640402040974,0.06742025889740696,-0.214721953550991,561.1035624488197,800,0.0,0.0
5.056,0.016078477769352367,0.06913264091250496,-0.21583092494415812,510.30949155827705,800,0.0,0.0
5.248,0.01636296691073342,0.0706743861088295,-0.21683836260659595,464.8619701508869,800,0.0,0.0
5.44,0.01663803004961337,0.07217284083630816,-0.21785359390374914,420.8485697444487,800,0.0,0.0
5.632,0.016888613366607703,0.07354064020813711,-0.21896995291498156,382.00881032706576,800,0.0,0.0
5.824,0.0171282265835802,0.0748265662850373,-0.2199925880164879,346.63823259740667,800,0.0,0.0
6.016,0.017369464970946973,0.07608596049415728,-0.22065678475092376,314.03599721562,800,0.0,0.0
6.208,0.01756876603030945,0.07732593115170995,-0.22141399020830077,284.0774232315729,800,0.0,0.0
6.4,0.017741429778193735,0.07846861620980669,-0.22208866541092576,258.14331489404833,800,0.0,0.0
6.5920000000000005,0.017737156259983247,0.08050524910751312,-0.22432028105954194,774.5247696786066,800,0.0,0.0
6.784,0.01805315878182497,0.08195169437629123,-0.22470307038358905,753.1347146166926,800,0.0,0.0
6.976,0.018355832511893207,0.08336413213356571,-0.2251806580056943,723.7560369786057,800,0.0,0.0
7.168,0.018565323760443647,0.08463308193718799,-0.2256798855335287,692.0039713641905,800,0.0,0.0
7.36,0.018792940921507306,0.08585441692409587,-0.22604170596212825,657.1840717599403,800,0.0,0.0
7.5520000000000005,0.0189960841088847,0.08705458897206413,-0.2261259561197284,620.5043470734306,800,0.0,0.0
7.744,0.019143344111061816,0.08815433600094642,-0.22653247931644271,585.4645466578946,800,0.0,0.0
7.936,0.019279884994474864,0.08917974628597988,-0.22677835231054733,551.8938816766646,800,0.0,0.0
8.128,0.01939448001865186,0.09018092070514115,-0.22700391647801688,519.0828517087659,800,0.0,0.0
8.32,0.019545301444728703,0.09113476369994436,-0.22718237357036664,487.7984971958899,800,0.0,0.0
8.512,0.01960542453967182,0.09206055713641388,-0.22745988126437178,457.7766533113961,800,0.0,0.0
8.704,0.01976660436917812,0.09292111726990541,-0.2274610131199437,429.92829997678393,800,0.0,0.0
8.896,0.019843993080013757,0.09374343220300115,-0.22754055698707454,403.4037628471542,800,0.0,0.0
9.088000000000001,0.019976744268095602,0.09452487149424073,-0.22744115563465694,378.46761532429184,800,0.0,0.0
9.28,0.0201335018635001,0.09527271457114778,-0.2273850238178068,355.55253668804266,800,0.0,0.0
9.472,0.020232270983918246,0.0959878210463112,-0.22733202026654542,334.21074759617375,800,0.0,0.0
9.664,0.020332943559843643,0.0966493429070637,-0.22721399611012494,314.84344796555393,800,0.0,0.0
9.856,0.02037720160216342,0.09730620745488008,-0.22723867020064636,296.252419735556,800,0.0,0.0
10.048,0.020471252447735153,0.09792313208648873,-0.2272006393326902,279.7883879264767,800,0.0,0.0
10.24,0.020497559149701923,0.09903780633018403,-0.22898493258160713,777.1887221340224,800,0.0,0.0
10.432,0.020765836030865674,0.09986715475462332,-0.2285940132436557,759.6012946550314,800,0.0,0.0
10.624,0.02097106273912889,0.10064268078994552,-0.22831372348723455,736.4828837188323,800,0.0,0.0
10.816,0.021091647343037728,0.10136447930478137,-0.22853584557361684,710.9536246953946,800,0.0,0.0
11.008000000000001,0.021191514613091877,0.10206229446885688,-0.2287688342941676,683.3559554922152,800,0.0,0.0
11.200000000000001,0.021336315998021462,0.10274452226788715,-0.22863294324033578,653.2493076859099,800,0.0,0.0
11.392,0.021470482653477865,0.10338062109513893,-0.22844569229422218,622.9744737797298,800,0.0,0.0
11.584,0.021510318327032686,0.10397683439850225,-0.2286396408645479,594.6916337195577,800,0.0,0.0
11.776,0.021600675305238657,0.10455070196131505,-0.22853408085194316,566.6883113107267,800,0.0,0.0
11.968,0.021606151291805605,0.10509753677102682,-0.22864083066493102,540.1636909423208,800,0.0,0.0
12.16,0.021590432648034015,0.10560009913829933,-0.22869082660621842,514.6263123965871,800,0.0,0.0
12.352,0.021572906580928048,0.10607895828931158,-0.22883530571018307,490.36617637685214,800,0.0,0.0
12.544,0.021527765300384173,0.10657462851947762,-0.2289411008516038,467.2301679343731,800,0.0,0.0
12.736,0.021563364766242023,0.10700669516726188,-0.22885217318873075,445.49815851459454,800,0.0,0.0
12.928,0.02158873660075961,0.10739899135264035,-0.22880189033630494,425.21207532257057,800,0.0,0.0
13.120000000000001,0.0215489812144826,0.1078172449773413,-0.22889800240193026,405.6820542825097,800,0.0,0.0
13.312000000000001,0.021497210205389847,0.1081795130570173,-0.22890450550957242,387.9582151477485,800,0.0,0.0
13.504,0.021507221430367776,0.10851493945967551,-0.22881769306769817,371.3073560909469,800,0.0,0.0
13.696,0.0215256991616054,0.10883651380588838,-0.22874477737114285,355.3907810506922,800,0.0,0.0
13.888,0.02153215589190126,0.10915334191958616,-0.2286923217084338,340.7170208852897,800,0.0,0.0
14.08,0.02146628054463792,0.10946248406985543,-0.2287345931499245,326.640475459021,800,0.0,0.0
14.272,0.02145061863535974,0.10973299605359293,-0.22868429230015552,313.7969986161018,800,0.0,0.0
14.464,0.021462191059164172,0.10999581200133965,-0.22853332949878657,301.29202037425557,800,0.0,0.0
14.656,0.021465794858525473,0.1102607570377902,-0.22846494659725236,289.6401680786787,800,0.0,0.0
14.848,0.02147113790301839,0.11050288919040546,-0.2284183504675843,278.7869012693327,800,0.0,0.0
15.040000000000001,0.02070076104238271,0.11180928483923232,-0.2304062380783174,779.7287494014512,800,0.0,0.0
15.232000000000001,0.0205960660569885,0.11216430400285565,-0.23007510618385885,768.8993554691485,800,0.0,0.0
15.424,0.02048406192892484,0.11251640612570508,-0.23016309681301728,753.8271527722494,800,0.0,0.0
15.616,0.020361112114531052,0.11286709924118044,-0.23032658300148867,735.8636102206307,800,0.0,0.0
15.808,0.02029739898538834,0.11319561756757675,-0.23010337171646933,716.1634061845216,800,0.0,0.0
16.0,0.02020363749441069,0.11351180635678261,-0.2300375993960051,695.566419774671,800,0.0,0.0
16.192,0.020136164064259658,0.11382277250544551,-0.23006438297047715,674.0455928395944,800,0.0,0.0
16.384,0.020059548529378524,0.1141264493222462,-0.23007542092590638,652.5628021051228,800,0.0,0.0
16.576,0.02001761290115312,0.11439160324146908,-0.23002274964362668,631.7614812684465,800,0.0,0.0
16.768,0.019954092454089432,0.11466464178066821,-0.22996521186779617,610.0239425756254,800,0.0,0.0
16.96,0.019887373143252028,0.11492304960212515,-0.2300119657582651,588.9080246058642,800,0.0,0.0
17.152,0.019865229140471792,0.11517224224506897,-0.22984575395245788,568.7860306253323,800,0.0,0.0
17.344,0.019831296407738723,0.11539440196750789,-0.22970954665778143,549.7073120046415,800,0.0,0.0
17.536,0.01981483396896173,0.11559979328659493,-0.22954389755394322,530.8178399624157,800,0.0,0.0
17.728,0.019820005217850184,0.11581748104164438,-0.22944171479323217,512.9068691801976,800,0.0,0.0
17.92,0.019816777386526686,0.11600143883161274,-0.22932801187806273,496.3102238292116,800,0.0,0.0
18.112000000000002,0.019812932965233253,0.11619502871262648,-0.2292075072096753,480.4072136753691,800,0.0,0.0
18.304000000000002,0.01977698526931544,0.11637911808558112,-0.22922360416614973,464.334826775997,800,0.0,0.0
18.496,0.019745412938829834,0.11656809556024425,-0.22921429942037586,448.89508164690375,800,0.0,0.0
18.688,0.01970195306099007,0.11674811354453189,-0.22922621981531988,433.2314721061981,800,0.0,0.0
18.88,0.01971968500965019,0.11690422434599693,-0.22914920368400304,419.3061071758626,800,0.0,0.0
19.072,0.01967940091768859,0.11705441653654233,-0.22916328011616827,405.1638950801375,800,0.0,0.0
19.264,0.019678159796302813,0.11718777652337123,-0.2291070380372302,392.5217550465645,800,0.0,0.0
19.456,0.019692868249861207,0.11731114659368964,-0.2290416304987013,380.49010583026165,800,0.0,0.0
19.648,0.01966416136354521,0.11746019191982367,-0.22906119118629542,367.7475959775617,800,0.0,0.0
19.84,0.01964123446339251,0.11760139109380574,-0.22908702648469914,355.2716207214243,800,0.0,0.0
20.032,0.019658958259299277,0.11771079933730845,-0.229012198115504,344.5790702961728,800,0.0,0.0
20.224,0.019630167946951157,0.11782263650933911,-0.22899321241412673,333.78554632189764,800,0.0,0.0
20.416,0.019616105270363532,0.11793391706304451,-0.22900830891308432,323.1364261885792,800,0.0,0.0
20.608,0.019646871397682356,0.11802919315327734,-0.22896440634163673,313.64695824979987,800,0.0,0.0
20.8,0.019612368283223654,0.1181290206757772,-0.2289313579724639,304.4080223695185,800,0.0,0.0
20.992,0.019627713208255758,0.1182200985875384,-0.22889995006493802,295.7590672824254,800,0.0,0.0
21.184,0.01960803144501329,0.11832045566970992,-0.2288872499334671,286.97086784069296,800,0.0,0.0
21.376,0.01964184885152987,0.11839456274720465,-0.22879986317867207,279.13493048405627,800,0.0,0.0
21.568,0.019795789285735502,0.11909886522372644,-0.22824665473696237,779.9683635403578,800,0.0,0.0
21.76,0.019713052274781928,0.11923059000674727,-0.22818218102924215,770.1004014821225,800,0.0,0.0
21.952,0.01969203087585067,0.11940199436551147,-0.2282350229998915,756.9481283569838,800,0.0,0.0
22.144000000000002,0.019666352040334893,0.11956025168840835,-0.22828874750353867,741.3660116267417,800,0.0,0.0
22.336000000000002,0.019669640101358084,0.11970400991744623,-0.22803588417782183,724.7098754790701,800,0.0,0.0
22.528,0.019678769843331848,0.11987699243040842,-0.22807567702190568,707.0085422011807,800,0.0,0.0
22.72,0.01969256190827797,0.12002909959839357,-0.22779205175419648,688.5794065410279,800,0.0,0.0
22.912,0.019720243580875978,0.12018671028631514,-0.22761453463235526,670.4377547290643,800,0.0,0.0
23.104,0.01975992614052753,0.12034853701410114,-0.2275118781163057,652.0164915141775,800,0.0,0.0
23.296,0.01977740446102745,0.12051375942899663,-0.22757202314890712,633.3377272481479,800,0.0,0.0
23.488,0.019817916827510065,0.12065944140039592,-0.22743201227534726,615.5608539072474,800,0.0,0.0
23.68,0.019846801009835484,0.12079975397657738,-0.22745175872612355,598.0582460930156,800,0.0,0.0
23.872,0.019858083899568613,0.12093729322515201,-0.2275149044133551,580.1525190572128,800,0.0,0.0
24.064,0.01988056013881538,0.12104601966795504,-0.22737782689941088,563.4897598540231,800,0.0,0.0
24.256,0.019919701551284787,0.121153045004708,-0.22732326467417385,547.1822349893475,800,0.0,0.0
24.448,0.019931617112062417,0.1212681038352026,-0.2272483151775253,531.9191790623532,800,0.0,0.0
24.64,0.019919081416848613,0.12136964054632181,-0.22734122518421485,516.276939255681,800,0.0,0.0
24.832,0.01996552265570288,0.12148366559522113,-0.22726664020223808,501.6902456331025,800,0.0,0.0
25.024,0.019975854707744472,0.12156829966517527,-0.22727202602406704,486.5148738451196,800,0.0,0.0
25.216,0.01997513400464933,0.12166064140205096,-0.22738053775071654,472.38384129953204,800,0.0,0.0
25.408,0.020011015264762372,0.12174324787792781,-0.22734278782670003,459.3847736455093,800,0.0,0.0
25.6,0.020039426325713094,0.12182294464232278,-0.22730512119873758,446.5858070037148,800,0.0,0.0
25.792,0.020032168019036612,0.12190496850119241,-0.22732479349128143,433.2667328012905,800,0.0,0.0
25.984,0.02006781933726277,0.12198452430155883,-0.22724707980112946,421.37751745665247,800,0.0,0.0
26.176000000000002,0.020078431387257928,0.12205624340414253,-0.22723190490298562,408.9723922162019,800,0.0,0.0
26.368000000000002,0.02007998411171579,0.1221212645053891,-0.22720611857371953,397.4713785001638,800,0.0,0.0
26.560000000000002,0.02012429834301682,0.1221909291551642,-0.22709475766791076,386.93623478696037,800,0.0,0.0
26.752,0.020169938006184242,0.12225424890922389,-0.22700611897472767,376.4574817106676,800,0.0,0.0
26.944,0.02019227355622591,0.12232386411740595,-0.22691202991115977,367.0583400785861,800,0.0,0.0
27.136,0.020197083061269445,0.12238346540468459,-0.22687379144124664,356.7723238421214,800,0.0,0.0
27.328,0.020245485427486686,0.12262201836605627,-0.3693510204631747,346.2386840190752,800,0.0,-0.75
27.52,0.020389391883752196,0.12298732746734808,-0.5120785708412372,334.637984625186,800,0.0,-0.75
27.712,0.02059683522218578,0.12332756801930297,-0.6540393595459957,324.15409230645923,800,0.0,-0.75
27.904,0.020688358403049126,0.12362652230054577,-0.7964778709131357,315.0959269499964,800,0.0,-0.75
28.096,0.020515049521381792,0.12462894423835028,-0.9349219297133242,289.7915036515775,800,0.0,-0.75
28.288,0.02071338072693299,0.12529000510900978,-1.072548020781844,254.60140198637438,800,0.0,-0.75
28.48,0.02230863948212115,0.1262056063070809,-1.20733674097583,746.046957414515,800,0.0,-0.75
28.672,0.022870806007019615,0.12672451696934986,-1.345320456775608,694.0766057318771,800,0.0,-0.75
28.864,0.022575354085682495,0.1278987139867628,-1.4750608777397223,536.6982930549912,800,0.0,-0.75
29.056,0.023916994860305203,0.12850359026736782,-1.6055922166045613,374.71142645234005,800,0.0,-0.75
29.248,0.024630050765335077,0.12908065194686374,-1.7414955411242725,292.2427411205343,800,0.0,-0.75
29.44,0.025390804997094996,0.1294411328733555,-1.8793413180396161,239.50270814785,800,0.0,-0.75
29.632,0.024254456204295803,0.12972286447919137,-1.9992072439252209,659.5266675293043,800,0.0,-0.75
29.824,0.026620872303216064,0.12965507514273078,-2.1235878289793018,452.9982649414519,800,0.0,-0.75
30.016000000000002,0.02788932562738638,0.1294193262184619,-2.257297429392186,347.74615932362474,800,0.0,-0.75
30.208000000000002,0.02901438032414335,0.12950634841173103,-2.3899637864141026,255.51385901159256,800,0.0,-0.75
30.400000000000002,0.028964758234888068,0.12969552483978947,-2.5112686816374463,668.9767369233545,800,0.0,-0.75
30.592000000000002,0.030957462380519468,0.1287383476720473,-2.6359550451607197,487.9111236327137,800,0.0,-0.75
30.784,0.03242994404217236,0.12830255158628534,-2.769586668316247,387.0178171386319,800,0.0,-0.75
30.976,0.03366912369025455,0.12820246131599394,-2.908020793914084,332.341620426231,800,0.0,-0.75
31.168,0.03440659396001236,0.12800898132125976,-3.0325968231650133,207.0706051556706,800,0.0,-0.75
31.36,0.03625327218500951,0.1275536372847671,3.126573180884222,667.8208525708183,800,0.0,-0.75
31.552,0.03778223875180509,0.1272463254457745,2.994944280466594,555.5017239385344,800,0.0,-0.75
31.744,0.038755478197816835,0.12696553445653785,2.8608138637572758,461.1031250475009,800,0.0,-0.75
31.936,0.040400172426600614,0.12691302974976515,2.7331094015618653,316.798659259917,800,0.0,-0.75
32.128,0.04141460337892137,0.12669135831958453,2.6014849636898374,228.77017655767366,800,0.0,-0.75
32.32,0.04345593726240332,0.12483375657400524,2.4726156644987762,721.61748684489,800,0.0,-0.75
32.512,0.04361454736158246,0.12339127046507414,2.343242682846782,589.0234939870596,800,0.0,-0.75
32.704,0.045200615051251225,0.12207293656791646,2.219598204111138,385.77972821364773,800,0.0,-0.75
32.896,0.045691578927817625,0.1208451560627697,2.087491288490501,277.07490107032686,800,0.0,-0.75
33.088,0.04649317302440442,0.11973081618897247,1.9558746399940308,741.2719389166629,800,0.0,-0.75
33.28,0.04633918283994238,0.11829306215314847,1.8248568465066413,639.1093738343544,800,0.0,-0.75
33.472,0.047355179329183886,0.1175836635896701,1.699748962538731,441.64082312389235,800,0.0,-0.75
33.664,0.04793055492280143,0.116020686271001,1.5644670717375702,334.28182298937696,800,0.0,-0.75
33.856,0.048016765571980626,0.11481773159125097,1.4254678639755607,284.82578867998154,800,0.0,-0.75
34.048,0.04807758971007057,0.11396574814935896,1.4298959746515791,244.31468846398653,800,0.0,0.0
34.24,0.04764096663592939,0.11337142790313445,1.4375530233020921,754.257307512836,800,0.0,0.0
34.432,0.047479351038431955,0.11223360786089794,1.4433237864544761,700.556808028565,800,0.0,0.0
34.624,0.04977657770795615,0.1302382843187021,1.447410729298129,648.1529244071862,800,0.15,0.0
34.816,0.05308535390042892,0.15756440998485385,1.4512754861518848,594.9284937943924,800,0.15,0.0
35.008,0.05615547567436196,0.18552353457700818,1.4541887648068723,553.8445913090248,800,0.15,0.0
35.2,0.05899921651832844,0.2134463356870991,1.457129809911744,515.3759214425118,800,0.15,0.0
35.392,0.058746153634108705,0.2126720782048908,1.6052647472320363,464.4084935052995,800,0.0,0.75
35.584,0.05883143764656193,0.21156264430492677,1.7509546916134262,429.39158420647345,800,0.0,0.75
35.776,0.05865995368213382,0.21117481925877726,1.8953545904067823,410.25901757862516,800,0.0,0.75
35.968,0.0592344251547821,0.21087089724074054,2.037552975853141,403.5810189934806,800,0.0,0.75
36.160000000000004,0.059452154765987586,0.21040184611017998,2.1803306052448583,390.8729768091458,800,0.0,0.75
36.352000000000004,0.06001711570592801,0.2099813321117096,2.3209714013330203,384.5791417840303,800,0.0,0.75
36.544000000000004,0.06022752263836299,0.21016129281771456,2.460521788294571,378.60879974931333,800,0.0,0.75
36.736000000000004,0.06130398433813902,0.2105826559806281,2.5990594800379148,367.576992411741,800,0.0,0.75
36.928,0.044912198000251966,0.22001212937287373,2.6418442713913137,349.4422210340179,800,0.15,0.0
37.12,0.01907299608806584,0.23497544433050968,2.6362720948552916,323.7373524984742,800,0.15,0.0
37.312,-0.005588876025105112,0.24914145266588364,2.633097902680193,302.8047271467691,800,0.15,0.0
37.504,-0.03012332688905759,0.2632548635054599,2.6298627262220116,281.3827042909462,800,0.15,0.0
37.696,-0.05431621992616888,0.27775696283096896,2.6255056464552755,256.3834968984413,800,0.15,0.0
37.888,-0.0775294655287255,0.29239956282704005,2.621703628349879,764.4522184669157,800,0.15,0.0
38.08,-0.10169830582643814,0.3078160190671825,2.6179544364237373,718.3748716761861,800,0.15,0.0
38.272,-0.1256754408754214,0.3225739333964182,2.613172800979495,661.2777469803443,800,0.15,0.0
38.464,-0.14940297188491708,0.33769121490036785,2.6065405434910627,584.8002069124868,800,0.15,0.0
38.656,-0.17280403700728583,0.35283162414555963,2.6007914087405,515.2056329742769,800,0.15,0.0
38.848,-0.1965790749942442,0.36806560543192357,2.5968338622662657,467.8093401173408,800,0.15,0.0
39.04,-0.2206334127068963,0.3836322943147365,2.5943503282504015,431.8942590372558,800,0.15,0.0
39.232,-0.24489945118082115,0.3994811605602925,2.5931248941216163,406.6944816684888,800,0.15,0.0
39.424,-0.268656655267691,0.4146112955193273,2.5911036757179042,376.8005361537548,800,0.15,0.0
39.616,-0.29263109553557765,0.430003933436768,2.5903624457279513,351.1803099660991,800,0.15,0.0
39.808,-0.3165427852339966,0.445765603024249,2.5884312212335487,326.546736638272,800,0.15,0.0
40.0,-0.34096090118917494,0.46095163757813873,2.5886471000931053,312.92111943483116,800,0.15,0.0
40.192,-0.3649273902640382,0.47713341006178117,2.5874070480806033,292.86117659969716,800,0.15,0.0
40.384,-0.38905838402441856,0.49347198477035836,2.5842556262470335,268.35797258289205,800,0.15,0.0
40.576,-0.41331273658338535,0.509201883262131,2.58555447681087,765.3562753831842,800,0.15,0.0
40.768,-0.4376540520047054,0.5244713402948733,2.586352227385177,727.8549567221969,800,0.15,0.0
40.96,-0.46222586182535486,0.5397771462301137,2.5862495644945316,698.129248526791,800,0.15,0.0
41.152,-0.48655013702074146,0.5555642625225519,2.5849875271663603,662.9946414501317,800,0.15,0.0
41.344,-0.5105396732677547,0.5710387743616141,2.58273311295474,626.0049668055188,800,0.15,0.0
41.536,-0.5350032818303772,0.5865556119769268,2.581422435461608,594.0648888044026,800,0.15,0.0
41.728,-0.5593111553824127,0.6022921752662783,2.579383372402223,555.8890712452642,800,0.15,0.0
41.92,-0.5835433910776506,0.6175993021638677,2.578966482406763,527.2984221972247,800,0.15,0.0
42.112,-0.6073873347884955,0.6326507259846198,2.578110839336114,501.02927940179535,800,0.15,0.0
42.304,-0.6318361957238383,0.6475563992126889,2.5784891431916606,487.2947414294862,800,0.15,0.0
42.496,-0.6565152007127273,0.6629472867409903,2.5792476538234244,468.6339222913855,800,0.15,0.0
42.688,-0.6812026113942352,0.6778672138031083,2.5812067073529885,450.94868437230116,800,0.15,0.0
42.88,-0.705685473206522,0.6926457324199219,2.5821797445096095,432.2576027772757,800,0.15,0.0
43.072,-0.729773467455509,0.7078687583875652,2.581177333466565,415.62884181245397,800,0.15,0.0
43.264,-0.7541636601861782,0.723424477278787,2.5801409271971787,398.8992064642514,800,0.15,0.0
43.456,-0.7791223837652109,0.7391408906856137,2.5803344160909933,380.2187287994642,800,0.15,0.0
43.648,-0.8035250019569857,0.7544297957042427,2.580756305583815,366.29475079890426,800,0.15,0.0
43.84,-0.8279320539341632,0.7696936451613355,2.581041500117122,351.8471473880524,800,0.15,0.0
44.032000000000004,-0.8443147283351892,0.7798724009362038,2.5334758566101563,335.5084616550138,800,0.0,-0.75
44.224000000000004,-0.868057130711222,0.7962563323027598,2.534230673741858,319.2051838524454,800,0.15,0.0
44.416000000000004,-0.8836515035340466,0.8076381871290327,2.4870171603982474,306.4242130247513,800,0.15,0.0
44.608000000000004,-0.9068332603368493,0.8250298860360156,2.487810264924895,294.79126119675357,800,0.15,0.0
44.800000000000004,-0.9296945732245521,0.842609211594843,2.487256716590922,281.11077350682797,800,0.15,0.0
44.992000000000004,-0.9520670091376446,0.8604141385534534,2.4877278556629054,268.0201554496903,800,0.15,0.0
45.184,-0.9521295145769837,0.8609269071917693,2.623736613035385,743.7224950412232,800,0.0,0.75
45.376,-0.951701914882456,0.8616289038879706,2.7636245260224737,689.839297492643,800,0.0,0.75
45.568,-0.9512038923449062,0.8622084764963349,2.902394128814243,631.2093973977225,800,0.0,0.75
45.76,-0.9793390596430103,0.8697491787138196,2.8993386000028583,584.1511320375731,800,0.15,0.0
45.952,-1.0069598270110423,0.8772658756162486,2.8965966166697728,539.0623193230809,800,0.15,0.0
46.144,-1.0248226426988971,0.8835465615784455,2.9391211126882766,479.9505084151881,800,0.0,0.75
46.336,-1.0243287160971242,0.8847917199729514,3.078487724396064,435.96464458957945,800,0.0,0.75
46.528,-1.023729353614054,0.8861270484178876,-3.067926083712282,375.20061140758423,800,0.0,0.75
46.72,-1.0523547291176663,0.8850221169996932,-3.0711091265860837,350.68080852532034,800,0.15,0.0
46.912,-1.080975294805517,0.8837785878455695,-3.073571913596394,324.35914574839717,800,0.15,0.0
47.104,-1.1102945745956403,0.8819996107385575,-3.07372219267629,310.44952091596554,800,0.15,0.0
47.296,-1.139771416903646,0.8806219500502316,-3.074996998543804,298.9010837571467,800,0.15,0.0
47.488,-1.1686054541192203,0.8797327613084792,-3.0785431178382994,282.7423649276689,800,0.15,0.0
47.68,-1.1683017205324633,0.8809029218433871,-2.9380480690043105,261.965451300394,800,0.0,0.75
47.872,-1.1675282836717884,0.883229054049302,-2.8054188911593787,733.6058991393367,800,0.0,0.75
48.064,-1.1678550325776567,0.8839332135088379,-2.670401246804954,652.7562430156878,800,0.0,0.75
48.256,-1.1681791798277343,0.8852123320061911,-2.5348994417138426,559.1433745126839,800,0.0,0.75
48.448,-1.1925850647846958,0.8695997370912064,-2.5413576647033427,480.4270928755583,800,0.15,0.0
48.64,-1.2162145756176752,0.8545032519987421,-2.545583737338299,436.682375027861,800,0.15,0.0
48.832,-1.2410084034732163,0.8388801017750691,-2.5478359390381136,400.4217495204099,800,0.15,0.0
49.024,-1.2650755270867338,0.8239161042418265,-2.5505822767699105,364.01542738536807,800,0.15,0.0
49.216,-1.288969274061315,0.8091474679660455,-2.5530668774634115,333.724580648782,800,0.15,0.0
49.408,-1.312442036533182,0.7951003444268776,-2.5571410514984203,298.6714062090319,800,0.15,0.0
49.6,-1.335762770983227,0.7813224445739082,-2.560248526448976,266.8535004626169,800,0.15,0.0
49.792,-1.3606515364982252,0.7680271560084608,-2.5656236061097966,757.2901009177269,800,0.15,0.0
49.984,-1.3855599668144973,0.7544652372723853,-2.5712620198513934,710.8170975357991,800,0.15,0.0
50.176,-1.4097120590718493,0.7409600815559608,-2.5747040096108567,664.5845701319877,800,0.15,0.0
50.368,-1.4344129175642477,0.7272439135704468,-2.5789035295482856,618.0972511463561,800,0.15,0.0
50.56,-1.4590594084024764,0.7136155630846361,-2.582036920590837,573.7006992471722,800,0.15,0.0
50.752,-1.4836594781339927,0.700259287556406,-2.5857027865906907,521.2856261940625,800,0.15,0.0
50.944,-1.5084427568207557,0.6872236616246252,-2.5889835485166657,469.1625508054104,800,0.15,0.0
51.136,-1.5333718874286726,0.6722933373599205,-2.588554541002336,456.68441972538915,800,0.15,0.0
51.328,-1.5584171345421278,0.6573977378695445,-2.587785306685707,437.78147187095584,800,0.15,0.0
51.52,-1.5835054123952215,0.6424368799258289,-2.587751895175378,418.43572791631436,800,0.15,0.0
51.712,-1.6085894913955048,0.6276590231140686,-2.586801472545709,397.1009243995934,800,0.15,0.0
51.904,-1.6335907494222925,0.6144265684535153,-2.5889625259608713,363.8091103769983,800,0.15,0.0
52.096000000000004,-1.6586267364997644,0.5997074752338158,-2.5877715874002356,342.23987655624677,800,0.15,0.0
52.288000000000004,-1.683782709907019,0.5853231921516511,-2.5860726107986642,314.51453115171506,800,0.15,0.0
52.480000000000004,-1.700502184143322,0.5756728939027567,-2.536328169470933,288.8343567612976,800,0.0,0.75
52.672000000000004,-1.7012865658304166,0.5762635480977512,-2.3918639006681555,265.29705911040656,800,0.0,0.75
52.864000000000004,-1.7019982955824844,0.5773993681853989,-2.2476716757623945,765.0159853157637,800,0.0,0.75
53.056000000000004,-1.7032195298727233,0.5783550047422891,-2.108515397695915,723.1407711180838,800,0.0,0.75
53.248000000000005,-1.703500884676365,0.5795370955588486,-1.9716032104109362,667.2966453396027,800,0.0,0.75
53.44,-1.7043429242799994,0.582061658804089,-1.834766722120971,589.2634224019708,800,0.0,0.75
53.632,-1.7059747573228896,0.5826551106706015,-1.6989284107023044,506.49910875367266,800,0.0,0.75
53.824,-1.7075536823775415,0.5832959962846491,-1.563226258808302,424.108328326846,800,0.0,0.75
54.016,-1.7081680206044347,0.5649624474217821,-1.5223333731038562,354.3798603359814,800,0.15,0.0
54.208,-1.7080249215937386,0.5389307448655254,-1.5276255529130212,300.76925843156135,800,0.15,0.0
54.4,-1.70838837073401,0.5121378303442281,-1.5334674738632157,253.718023326318,800,0.15,0.0
54.592,-1.709330082319121,0.4844122547510117,-1.5400228569089547,753.1560696821285,800,0.15,0.0
54.784,-1.710869376783581,0.45753997688702713,-1.547478534415367,674.6207117728998,800,0.15,0.0
54.976,-1.7124604788548556,0.42831641646866636,-1.5466288365650158,622.2421381230831,800,0.15,0.0
55.168,-1.7137504078366002,0.3993230760922706,-1.5466838621017671,565.6695534185401,800,0.15,0.0
55.36,-1.7147010675110521,0.3707760384447644,-1.5459679200111787,516.4666959964883,800,0.15,0.0
55.552,-1.7153236807927175,0.34273677303764044,-1.5481947932279378,476.64589164488217,800,0.15,0.0
55.744,-1.7161771251946676,0.31552816101461195,-1.550084695826902,438.8744248782008,800,0.15,0.0
55.936,-1.7169275447262096,0.28872032484892596,-1.5536515199405934,399.62972939637257,800,0.15,0.0
56.128,-1.7176104058218629,0.2624946564690809,-1.5581867818813617,363.94627294275017,800,0.15,0.0
56.32,-1.7184234659955675,0.23543626037236243,-1.5635221139032711,333.476527769082,800,0.15,0.0
56.512,-1.7191917928154092,0.20822888324584365,-1.5680045318529443,305.05108320069155,800,0.15,0.0
56.704,-1.7196191426158673,0.18003909623382836,-1.5696314551130814,288.02529332483226,800,0.15,0.0
56.896,-1.720203843457101,0.1521562234871635,-1.5710052208463032,268.786594856584,800,0.15,0.0
57.088,-1.721328440603089,0.12461934650019145,-1.5760506379394095,755.6477399064146,800,0.15,0.0
57.28,-1.7224558268102177,0.09741714415593311,-1.5830672993235178,693.5110204130314,800,0.15,0.0
57.472,-1.7229890809403368,0.06898428352031763,-1.5825239288321564,654.9371977383065,800,0.15,0.0
57.664,-1.7229571143603686,0.04064937573849524,-1.5808967241369867,617.9205067094755,800,0.15,0.0
57.856,-1.7244186960897874,0.012445911134547724,-1.5832379010969972,581.932683360972,800,0.15,0.0
58.048,-1.7254575391742122,-0.01572077237238497,-1.5829230188166206,548.2074164565861,800,0.15,0.0
58.24,-1.7258556096326505,-0.04363840373949933,-1.5823993960345384,518.0264121259581,800,0.15,0.0
58.432,-1.7264781001641647,-0.07198892922761295,-1.5820999841396286,490.93793497724374,800,0.15,0.0
58.624,-1.7268545701462523,-0.09919081795160616,-1.5819291488246323,466.8866405340508,800,0.15,0.0
58.816,-1.727119136701532,-0.12613575644861022,-1.5822723348807124,442.3320023795834,800,0.15,0.0
59.008,-1.7274717843062557,-0.1529837536940642,-1.5833594666999282,412.35946625725944,800,0.15,0.0
59.2,-1.7280619596899869,-0.18038488145584242,-1.5858269223879258,380.37303761616,800,0.15,0.0
59.392,-1.7286158500772761,-0.2080810222654612,-1.5876696201176932,353.78213703816755,800,0.15,0.0
59.584,-1.7294924019216191,-0.2357404270564081,-1.5891154331841977,328.1735092918464,800,0.15,0.0
59.776,-1.7295797903279577,-0.26445734312341795,-1.5877753880361525,313.7380939275122,800,0.15,0.0
59.968,-1.7300466857367343,-0.29372304544975303,-1.586301487659936,302.3657784589989,800,0.15,0.0
60.160000000000004,-1.7299751199054003,-0.32158838312040666,-1.5833373354516758,284.5472468196031,800,0.15,0.0
60.352000000000004,-1.7303253910246572,-0.34965525833906674,-1.5826062153455134,261.11478226822976,800,0.15,0.0
60.544000000000004,-1.7315403749745557,-0.3783159646216974,-1.5771419968015015,754.0820077175566,800,0.15,0.0
60.736000000000004,-1.7319332275158288,-0.4076414313616027,-1.5737085360771628,713.9659667859459,800,0.15,0.0
60.928000000000004,-1.7324340823056001,-0.4369034437579067,-1.571437175311232,667.339688232277,800,0.15,0.0
61.120000000000005,-1.733191554544564,-0.46675579977514264,-1.5702137478544955,633.4636871184504,800,0.15,0.0
61.312000000000005,-1.7326764684101463,-0.49623341905275076,-1.5656713337046513,581.2708721977485,800,0.15,0.0
61.504,-1.732821470491667,-0.525819934272259,-1.5648300531433161,549.5281026771208,800,0.15,0.0
61.696,-1.7330475891228332,-0.5546195669084164,-1.564988590513954,521.1508253899682,800,0.15,0.0
61.888,-1.732813534377866,-0.5836364636294108,-1.5646984381783913,496.40630519680957,800,0.15,0.0
62.08,-1.7324103755212725,-0.6130128587979885,-1.5640266322448282,470.0726885639878,800,0.15,0.0
62.272,-1.7320246297440556,-0.6326898950762522,-1.5160183188650103,448.8122642264049,800,0.0,0.75
62.464,-1.7324291851163616,-0.6334164378790781,-1.3718172216980211,431.38357224190577,800,0.0,0.75
62.656,-1.7327956802484317,-0.6335233655183475,-1.2281991743392668,409.34207121038236,800,0.0,0.75
62.848,-1.7342269316013503,-0.6338414937082567,-1.088342670025269,392.3454557340764,800,0.0,0.75
63.04,-1.7353923531828475,-0.6342998692571495,-0.9495105474612906,374.0136924979162,800,0.0,0.75
63.232,-1.7366067003613166,-0.6343443106989756,-0.81199815184315,340.80187027672025,800,0.0,0.75
63.424,-1.7376845894065367,-0.6344922801283026,-0.6754116446665583,305.13356032841654,800,0.0,0.75
63.616,-1.7394557472898564,-0.6352228991555989,-0.5367432181081524,265.27300022138826,800,0.0,0.75
63.808,-1.7415748460580571,-0.6369537360110055,-0.40785195196747415,688.4903094874686,800,0.0,0.75
64.0,-1.7424639528081733,-0.6376692432218968,-0.2796320313179774,501.40152299814156,800,0.0,0.75
64.19200000000001,-1.7436092439866222,-0.6393715846991609,-0.1462727332709517,370.4327641350447,800,0.0,0.75
64.384,-1.744963213873393,-0.6406258269143494,-0.010098242290042414,291.6900967481076,800,0.0,0.75
64.57600000000001,-1.7178389490090402,-0.642332742567141,-0.017510946474784017,221.35104845078538,800,0.15,0.0
64.768,-1.6902480798806616,-0.6438506369996542,-0.03206617881692386,691.6566629255774,800,0.15,0.0
64.96000000000001,-1.662985376157198,-0.6466630034530932,-0.042837446802991064,563.2281015333817,800,0.15,0.0
65.152,-1.635568196883529,-0.6487895893285401,-0.04909718878163094,478.18390360442703,800,0.15,0.0
65.34400000000001,-1.6078501817583426,-0.6504098924556555,-0.056710555850565836,399.6460376026825,800,0.15,0.0
65.536,-1.5799215965389166,-0.6528297625532986,-0.062262604690370704,341.82216927582897,800,0.15,0.0
65.728,-1.5518017467818819,-0.6555319110907245,-0.06561585239131329,301.38165126532033,800,0.15,0.0
65.92,-1.5234442894120688,-0.6583004240200645,-0.06807925676095383,272.7439855878147,800,0.15,0.0
66.112,-1.4960992904667814,-0.6607544794423743,-0.07037454752856087,754.43067750972,800,0.15,0.0
66.304,-1.4673104602395008,-0.6641229645391846,-0.0734393455172504,701.3334811454034,800,0.15,0.0
66.496,-1.4388204088903047,-0.6673376815066663,-0.07374702432271674,658.4617028263007,800,0.15,0.0
66.688,-1.4105686837698173,-0.6704308046216767,-0.07491146242653768,614.1006884838126,800,0.15,0.0
66.88,-1.3824458830492354,-0.673393391087859,-0.07405961485073354,574.8146420644033,800,0.15,0.0
67.072,-1.3542482800688578,-0.6757603507560986,-0.07512139756575875,542.0212534547036,800,0.15,0.0
67.264,-1.325905162686377,-0.678401427213567,-0.07589375435465096,514.7414663102749,800,0.15,0.0
67.456,-1.2970613364302515,-0.6814001513531188,-0.07900516366503352,479.2876022312977,800,0.15,0.0
67.648,-1.2687971032487824,-0.6841494431706652,-0.0816143958562372,446.41662426578415,800,0.15,0.0
67.84,-1.2401063725180879,-0.6872232978531401,-0.08344663730588131,415.8114671425567,800,0.15,0.0
68.032,-1.2128123656459542,-0.6902947093986683,-0.0845369601946655,390.59251945047447,800,0.15,0.0
68.224,-1.1851445330580848,-0.6940795619229263,-0.08708160910728813,360.72094874494354,800,0.15,0.0
68.416,-1.1571616993979865,-0.6975109150668725,-0.08857017963274494,339.363091017276,800,0.15,0.0
68.608,-1.1284083874350535,-0.7017329195365528,-0.09037998165626293,317.58948902158596,800,0.15,0.0
68.8,-1.0990016080394722,-0.7049317606533824,-0.09060380144584368,304.1284533920619,800,0.15,0.0
68.992,-1.0700824489801382,-0.7081765417907009,-0.0912289082547586,289.59515035903416,800,0.15,0.0
69.184,-1.041150808675179,-0.7116804409779891,-0.09117689284943342,274.0548431845018,800,0.15,0.0
69.376,-1.0111549858283475,-0.7146321427450084,-0.09084754779769844,764.5902468171043,800,0.15,0.0
69.568,-0.9822813511314659,-0.7191005720519226,-0.09437244500492925,715.2757289220821,800,0.15,0.0
69.76,-0.9532617645616319,-0.723034428913937,-0.09446135139612766,674.8057846226585,800,0.15,0.0
69.952,-0.9246160690635006,-0.7261511602568185,-0.09372083061498504,645.2354912927133,800,0.15,0.0
70.144,-0.8960918602804182,-0.7299158686364899,-0.09434748704185347,609.434992970073,800,0.15,0.0
70.336,-0.8958610763546031,-0.7307712873189796,-0.23759715655300528,574.5992923364239,800,0.0,-0.75
70.528,-0.8681281391466679,-0.737785590618764,-0.23630229934245905,549.0203074698107,800,0.15,0.0
70.72,-0.8398079287083962,-0.7452940609703815,-0.23587770802756047,517.8174567733072,800,0.15,0.0
70.912,-0.8102902505049239,-0.7524518831858439,-0.2375432601055767,489.27037586049124,800,0.15,0.0
71.104,-0.7815061073003441,-0.7598315037107327,-0.23731279189508836,456.886409982775,800,0.15,0.0
71.296,-0.7526767968845132,-0.7673561294752591,-0.23693580191606456,424.4153977616937,800,0.15,0.0
71.488,-0.7242359443248207,-0.7749474621398501,-0.2371332744556236,398.9491750475269,800,0.15,0.0
71.68,-0.7143521597271891,-0.7776509398233717,-0.3309282132377085,369.96198661790487,800,0.0,-0.75
71.872,-0.6860626482515515,-0.7869936815998289,-0.32827023939101796,343.07999018825,800,0.15,0.0
72.06400000000001,-0.658968111280076,-0.7961614886357955,-0.32595239076978544,322.11399381377817,800,0.15,0.0
72.256,-0.6316573503689251,-0.8053958529640415,-0.3246404207023206,302.31192990379816,800,0.15,0.0
72.44800000000001,-0.6043773066968443,-0.8148052139499222,-0.3217073651678297,282.5177506353535,800,0.15,0.0
72.64,-0.5768942049024524,-0.8235294268273379,-0.31936865520140945,267.9322833491261,800,0.15,0.0
72.83200000000001,-0.5503736331753756,-0.8321929664038985,-0.32020076658215757,772.7779737538331,800,0.15,0.0
73.024,-0.5235423131938367,-0.840905412834141,-0.3181617091863611,750.2539089301889,800,0.15,0.0
73.21600000000001,-0.49654690257206935,-0.8500648857078033,-0.31778974134957405,717.201960077844,800,0.15,0.0
73.408,-0.47007490416550046,-0.8593188217968046,-0.31695577880965775,680.6976160484477,800,0.15,0.0
73.60000000000001,-0.44346967240217566,-0.8690333655650956,-0.3163585339777044,639.7571725867058,800,0.15,0.0
73.792,-0.41620206429374224,-0.8780778680999649,-0.3145382014139777,600.6486779528016,800,0.15,0.0
73.984,-0.3890447847595191,-0.8875056247653972,-0.3134752611317855,564.0864040001144,800,0.15,0.0
74.176,-0.36240431603754863,-0.8968033816479442,-0.31293719565069056,533.602085442399,800,0.15,0.0
74.368,-0.33491623156852973,-0.9058531269897389,-0.31168418316449786,505.9795193842977,800,0.15,0.0
74.56,-0.3082326127601208,-0.9145037936757128,-0.30858222298437044,468.66094915158357,800,0.15,0.0
74.752,-0.2811668855633766,-0.9235125306764007,-0.3074564766769612,446.00519746596876,800,0.15,0.0
74.944,-0.25440940701957515,-0.9327050338531377,-0.30884586075232434,430.5988146711154,800,0.15,0.0
75.136,-0.22754528538709606,-0.941386182339918,-0.30775129936376544,409.5393803492297,800,0.15,0.0
75.328,-0.20057592711020714,-0.9507513848303935,-0.30897573634691033,388.12427228867796,800,0.15,0.0
75.52,-0.1735834990772438,-0.9602590236654704,-0.3102833407716088,363.4610598056475,800,0.15,0.0
75.712,-0.1463486494109708,-0.9690437126897116,-0.31152482539446646,341.9430268664148,800,0.15,0.0
75.904,-0.1196728119845273,-0.9782572671452934,-0.3119800548064102,323.5012028708254,800,0.15,0.0
76.096,-0.0931579470856885,-0.9868894036580922,-0.3111669899875591,303.4197223566195,800,0.15,0.0
76.288,-0.06708343319515875,-0.9962711390387645,-0.31343570657291986,284.79685654263733,800,0.15,0.0
76.48,-0.04111351884301568,-1.0056902524738869,-0.31451237548833744,267.12767763579336,800,0.15,0.0
76.672,-0.014034692699416842,-1.0139343681659,-0.31598535308863074,768.9246100908485,800,0.15,0.0
76.864,0.011806632135256262,-1.022926778935335,-0.3182706118681491,736.593166878191,800,0.15,0.0
77.056,0.038797934176685506,-1.031909950018591,-0.3196454152493331,698.7280860065949,800,0.15,0.0
77.248,0.06616071327726265,-1.0405629268910492,-0.32139306383586286,651.6430730639835,800,0.15,0.0
77.44,0.09316973371640312,-1.0490859663243144,-0.3212981942897044,607.7013534906835,800,0.15,0.0
77.632,0.11975391288383953,-1.0579595569893447,-0.32038630518077094,574.7167627944758,800,0.15,0.0
77.824,0.14666499190766719,-1.067112307080275,-0.32062931403502315,546.9582193014418,800,0.15,0.0
78.016,0.17356531469071185,-1.0763918638135075,-0.32113122036883723,520.4335261657515,800,0.15,0.0
78.208,0.19135437627614182,-1.0821309578307226,-0.27147037468378254,493.1190242092298,800,0.0,0.75
78.4,0.19065427755533562,-1.0826949659391065,-0.13064265974198896,464.57769362926047,800,0.0,0.75
78.592,0.190208981641976,-1.0831521367008794,0.010884188167964215,443.7565042806627,800,0.0,0.75
78.784,0.2091019185171348,-1.0822419953870557,0.05602749495044623,419.93848172849505,800,0.15,0.0
78.976,0.23738402522909613,-1.0812767233648504,0.0538669280067019,399.3207100606945,800,0.15,0.0
79.168,0.26620978603960466,-1.0793466260925653,0.053586862191838947,384.92853386956176,800,0.15,0.0
79.36,0.2945280931277578,-1.0779066984114969,0.05277075208634452,363.4764729361469,800,0.15,0.0
79.552,0.3226211905675762,-1.0765526122678724,0.05170513872927751,348.5568942568531,800,0.15,0.0
79.744,0.351580372358053,-1.0752068075986962,0.049782812203357896,334.88609545466363,800,0.15,0.0
79.936,0.3805795024196499,-1.0739730957544218,0.04870251609629772,315.0239096623841,800,0.15,0.0
80.128,0.4093248673359679,-1.0727638187304864,0.04580944229825601,296.01027826457045,800,0.15,0.0
80.32000000000001,0.43843774032563454,-1.0714592639650449,0.04464615427776586,280.5423096525311,800,0.15,0.0
80.512,0.4669681146095557,-1.0703291391245162,0.04351958679549073,265.14339695688267,800,0.15,0.0
80.70400000000001,0.49627589014989726,-1.0682351060685555,0.0416748645363727,766.0535941128334,800,0.15,0.0
80.896,0.5250042045222866,-1.067819529493262,0.0395035128078387,738.243386835479,800,0.15,0.0
81.08800000000001,0.5535573712117687,-1.0670400443903714,0.03977365410079692,705.5709305963355,800,0.15,0.0
81.28,0.5825819728972865,-1.0659603272904499,0.03889877040733225,678.0152331082907,800,0.15,0.0
81.47200000000001,0.6114643270991577,-1.0647195677640175,0.040652712234087396,649.9395203403025,800,0.15,0.0
81.664,0.6404925729064648,-1.0638676950595398,0.0400238738188321,625.8665983963906,800,0.15,0.0
81.85600000000001,0.6693509678129363,-1.0631374634848334,0.03948583897922786,604.8506517754458,800,0.15,0.0
82.048,0.697781183942521,-1.0617248299122497,0.039999141337649036,578.3944037599528,800,0.15,0.0
82.24,0.7265253279067201,-1.0601482754049747,0.04161544287120034,555.2448492765967,800,0.15,0.0
82.432,0.7374840552635198,-1.0589636599291499,0.13764279862911977,529.8816730901677,800,0.15,0.0
82.624,0.7375442201419304,-1.0594854671498193,0.2805962754811002,507.68961798342974,800,0.0,0.75
82.816,0.7377474367050745,-1.0595034646580812,0.4222983453648279,486.76623800964796,800,0.0,0.75
83.008,0.7382415370846076,-1.0605568242563665,0.561667770684898,459.50778650019174,800,0.0,0.75
83.2,0.7542261915122217,-1.0509663087620398,0.603886027899426,424.2640680304245,800,0.15,0.0
83.392,0.7780849944390292,-1.0350879288109256,0.6020743293875115,406.6635125762337,800,0.15,0.0
83.584,0.8018188600042879,-1.01974467199309,0.5994425175493765,382.2950171086501,800,0.15,0.0
83.776,0.8104213398251712,-1.0149797666040696,0.6926534591253386,357.9605514785221,800,0.0,0.75
83.968,0.810969364383386,-1.015785418306602,0.8323759715827852,326.06597606719026,800,0.0,0.75
84.16,0.8115828715979853,-1.0164626541325592,0.9717020071394664,291.7677685630259,800,0.0,0.75
84.352,0.82166063744003,-1.001423199059818,1.0155503533149464,264.16214913164447,800,0.15,0.0
84.544,0.8386628935349777,-0.9766947267957867,1.0095494691712856,756.3128959925742,800,0.15,0.0
84.736,0.8403571610764985,-0.9776245970744277,1.144629781080707,669.8416303186937,800,0.0,0.75
84.928,0.8422228579059915,-0.9786891015566388,1.279107326644855,554.7918549579915,800,0.0,0.75
85.12,0.8461427757954485,-0.9703802363958295,1.3660348444009136,438.4364133641846,800,0.15,0.0
85.312,0.8533431875779959,-0.9436625198786854,1.3597964865715246,356.36338174756673,800,0.15,0.0
85.504,0.8604818680596645,-0.9166003186157043,1.354837033797759,303.8992915678765,800,0.15,0.0
85.696,0.8675003745117935,-0.8893601334047876,1.352117553934514,270.42285285957223,800,0.15,0.0
85.888,0.876600350533282,-0.8615913874918552,1.347508618798905,760.9191522059872,800,0.15,0.0
86.08,0.8844269925140792,-0.8344083923852321,1.3449410974522795,722.2477131093269,800,0.15,0.0
86.272,0.891547192508694,-0.807417526816067,1.3424637068431515,685.4139604305044,800,0.15,0.0
86.464,0.899133376294205,-0.780775216218519,1.3364658929699544,627.746351722343,800,0.15,0.0
86.656,0.9070425123043605,-0.7537525691931714,1.3316400096931922,570.004612611491,800,0.15,0.0
86.848,0.91573365200102,-0.7257243956931587,1.3273571782823668,519.196019695595,800,0.15,0.0
87.04,0.9244168651113691,-0.6980958600432341,1.3242094294713223,471.58937404036004,800,0.15,0.0
87.232,0.932387328446125,-0.6698488547482895,1.322615117265073,442.4855340112684,800,0.15,0.0
87.424,0.9404419034646327,-0.6426396499343008,1.3210068419113767,405.46990183719186,800,0.15,0.0
87.616,0.948726950345792,-0.6153993132522497,1.3204006453053116,376.6358039588499,800,0.15,0.0
87.808,0.9569818279731312,-0.5883626182359185,1.3201926921353024,348.0740509150192,800,0.15,0.0
88.0,0.9650104275127154,-0.5611023268822846,1.3192995956954947,321.6695168689981,800,0.15,0.0
88.19200000000001,0.973354686729572,-0.5337787621597452,1.3195218527197206,292.04473393070015,800,0.15,0.0
88.384,0.9806187395797415,-0.5065762321983398,1.3186040097663492,284.39279851693976,800,0.15,0.0
88.57600000000001,0.9889726009052647,-0.4798120219990398,1.3153664036455055,258.1939076219449,800,0.15,0.0
88.768,0.9947485017668134,-0.461352485524947,1.3620323709490272,768.1304033543834,800,0.0,0.75
88.96000000000001,0.9956091742765084,-0.46238194144683964,1.5024443787913233,741.5339425000777,800,0.0,0.75
89.152,0.9970963721804831,-0.4630638659575114,1.643116298864241,701.1812843600475,800,0.0,0.75
89.34400000000001,0.9965069833678895,-0.43530699308703813,1.6403159263134448,652.3199781361106,800,0.15,0.0
89.536,0.9956036899111685,-0.4065747907461205,1.6359682130435829,595.7302034407496,800,0.15,0.0
89.72800000000001,0.9951780375962622,-0.3876816986789039,1.6831243732655423,564.7792447070201,800,0.0,0.75
89.92,0.9966676156741153,-0.38786887674131404,1.8211533188231597,504.2497932610397,800,0.0,0.75
90.112,0.9984664695308814,-0.3890831283602443,1.9566217968178492,422.3779814195021,800,0.0,0.75
90.304,0.9997802249345329,-0.3903197763490096,2.094487866108997,361.40840825495144,800,0.0,0.75
90.496,1.0010444138408185,-0.39068631005420906,2.2331262586156946,314.22302598146103,800,0.0,0.75
90.688,1.0025001984221324,-0.3896712881914203,2.3691851624779643,254.5532148310356,800,0.0,0.75
90.88,0.9846544340773443,-0.3676382496577042,2.353005975901622,694.008246862574,800,0.15,0.0
91.072,0.9666049772318488,-0.34728659865387507,2.3447739594743924,596.8929216817428,800,0.15,0.0
91.264,0.9487126761896219,-0.3269795200518817,2.336942928722479,500.0560979638589,800,0.15,0.0
91.456,0.9301718905839087,-0.30635601157725123,2.332828921867659,444.8611729567279,800,0.15,0.0
91.648,0.9181614914423873,-0.2922065477789865,2.3764251104548553,393.91999183275885,800,0.0,0.75
91.84,0.9201335544085538,-0.29263150970058804,2.5142143917270445,335.29748383489516,800,0.0,0.75
92.032,0.922839977517109,-0.29243454460005713,2.6473100383382526,245.05904593045355,800,0.0,0.75
92.224,0.8994369202873647,-0.2800357568165861,2.641425868512547,754.0360759785564,800,0.15,0.0
92.416,0.87580367137638,-0.26639956049463753,2.63795699480535,714.131990076347,800,0.15,0.0
92.608,0.8523427123503623,-0.2518385768316228,2.633915688879914,663.8981626783052,800,0.15,0.0
92.8,0.8296113403065208,-0.23763004061854862,2.6273626558902397,594.0587947825732,800,0.15,0.0
92.992,0.8064309327585077,-0.22342274056505634,2.6231802353032023,529.8756945587858,800,0.15,0.0
93.184,0.7831998766742175,-0.20996126626602457,2.622405180518575,481.6241222607504,800,0.15,0.0
93.376,0.7597557910787822,-0.1959430940791257,2.618848075477027,431.06614028820843,800,0.15,0.0
93.568,0.735473935155798,-0.18143760138366644,2.6175361037428324,409.3865810184079,800,0.15,0.0
93.76,0.7114400211574287,-0.1673355185408038,2.6175502585088415,389.1020153477507,800,0.15,0.0
93.952,0.6871656555518497,-0.1529644839930897,2.6164225881247862,366.5595838025524,800,0.15,0.0
94.144,0.6636726527347719,-0.13891592457638915,2.6154597292249155,333.4247705492108,800,0.15,0.0
94.336,0.6401516142040935,-0.12436634809294644,2.6134468368411916,304.1217142694882,800,0.15,0.0
94.528,0.6156684235999692,-0.11118068714150144,2.615881528969876,285.4515747081862,800,0.15,0.0
94.72,0.5913387899868185,-0.09753003733653967,2.617123822093858,265.4201903892128,800,0.15,0.0
94.912,0.5683703504779174,-0.08430176418212915,2.6164779254374704,758.4954216649534,800,0.15,0.0
95.104,0.5450087225530506,-0.07043486719468955,2.614881098216335,709.4851377006696,800,0.15,0.0
95.296,0.5214618064097015,-0.05673508981747534,2.6144748998200136,669.1614066449438,800,0.15,0.0
95.488,0.4971977331493113,-0.043152040724744364,2.614833323579206,645.5235469603064,800,0.15,0.0
95.68,0.4727681576100124,-0.029436915041513214,2.6158234273491114,614.6169356928577,800,0.15,0.0
95.872,0.4486872126998224,-0.01566330393252142,2.6167555346238824,586.9833870803079,800,0.15,0.0
96.06400000000001,0.42430995301361524,-0.0014794221911549163,2.6155401997166816,556.3272780576798,800,0.15,0.0
96.256,0.40019511585060746,0.012240843055326169,2.6173988821890237,516.9533110462245,800,0.15,0.0
96.44800000000001,0.37580279261846083,0.02621824380774926,2.6177031068014234,488.73007706155136,800,0.15,0.0
96.64,0.3511565944578094,0.04040436713012195,2.6183428318423063,458.7168889384467,800,0.15,0.0
96.83200000000001,0.3270000609737257,0.054369477626203803,2.619298369807373,427.46394197646015,800,0.15,0.0
97.024,0.3272967000991593,0.05407764061967678,2.7634715738788245,407.50667406068703,800,0.0,0.75
97.21600000000001,0.3279622038723702,0.053708504052585704,2.9072423969727446,385.6021477245039,800,0.0,0.75
97.408,0.3193149461562313,0.055266298480349973,3.0003280926849847,363.0683460382941,800,0.15,0.0
97.60000000000001,0.29122564104881754,0.05956460519636911,2.9971550933277538,342.886669231772,800,0.15,0.0
97.792,0.26317991617006975,0.06399788577001365,2.9945414157924315,324.59587942598966,800,0.15,0.0
97.98400000000001,0.23519344971337228,0.06850532196885768,2.9919008716940185,305.8544510285113,800,0.15,0.0
98.176,0.20715128009314504,0.07295202002310942,2.989299349051196,287.0405735966982,800,0.15,0.0
98.368,0.1794604754762783,0.07727293899872777,2.988741885903341,270.57789437885475,800,0.15,0.0
98.56,0.15268523324758487,0.0812524470611842,2.9877082560240193,765.1632629456649,800,0.15,0.0
98.752,0.12548937638828608,0.08542936306936862,2.986235145456006,728.5309287548217,800,0.15,0.0
98.944,0.11656821997292396,0.08679853868783016,3.0808982274376895,700.0984141310247,800,0.0,0.75
99.136,0.08848103872755561,0.08894793936547647,3.078943610233236,666.4712397329746,800,0.15,0.0
99.328,0.06042598882704768,0.09116899321938574,3.0769251352935054,632.9271571452997,800,0.15,0.0
99.52,0.03205873358043988,0.09339215643262523,3.0743336324900508,604.2610549233574,800,0.15,0.0
99.712,0.03247772571679426,0.0936090792884601,3.0728946518578066,576.5607028986368,800,0.0,0.0
99.904,0.032868117689995396,0.09377176146309071,3.0717928634792484,551.9483081213226,800,0.0,0.0
100.096,0.033256253456052424,0.0939333153866124,3.070896845885251,527.724148729365,800,0.0,0.0
100.288,0.03991365796334618,0.09360927069655166,3.0701495903816323,505.75825234448405,800,-0.1,0.0
100.48,0.05929185110723183,0.09233288006565152,3.069097406043859,486.04135942075044,800,-0.1,0.0
100.672,0.07855877322119093,0.09096010025447451,3.0675611872520383,466.73401344822975,800,-0.1,0.0
100.864,0.07893886574214805,0.09095744329851974,3.0668313276166295,448.5484662783023,800,0.0,0.0
101.056,0.07938447829999945,0.09090229022603522,3.0661881898907266,431.58934553785707,800,0.0,0.0
101.248,0.07966409331980867,0.09084943890260802,3.0657792438263556,416.1625515129723,800,0.0,0.0
101.44,0.08000600128612467,0.09080409024516703,3.0653331324455184,401.3047665680654,800,0.0,0.0
101.632,0.08029144516134425,0.0905947677739237,2.921351783847637,386.4749037732446,800,0.0,-0.75
101.824,0.08090660722658786,0.0899123140640936,2.7820982448715004,364.8861834983503,800,0.0,-0.75
102.016,0.08120645943490656,0.08934215725218651,2.6416038062797575,345.08166728681573,800,0.0,-0.75
102.208,0.08123830151299109,0.08897134241779481,2.4993279315635943,333.0469333534601,800,0.0,-0.75
102.4,0.08117412127483342,0.08803786047139688,2.3601173027367244,312.16188698220384,800,0.0,-0.75
102.592,0.08167781553794823,0.08697123448521524,2.224016070940042,273.48341326317876,800,0.0,-0.75
102.784,0.08025890713036571,0.08686578457807362,2.093802644075325,715.3720738066921,800,0.0,-0.75
102.976,0.079802200168614,0.0861244869761708,1.9566529447429657,644.1398787737974,800,0.0,-0.75
103.168,0.0788479087695352,0.08524452787462161,1.8220828393662627,540.2949254759396,800,0.0,-0.75
103.36,0.0790658857565102,0.08394911218512624,1.6935782801714554,377.4149870993881,800,0.0,-0.75
103.552,0.07857485410051779,0.08349983835755315,1.5601977492733283,277.081099443894,800,0.0,-0.75
103.744,0.07726662757885522,0.06977402749522654,1.57525431022437,707.1470076319432,800,-0.1,0.0
103.936,0.07714519095414041,0.04969519294148204,1.5845426886697016,624.4070298390776,800,-0.1,0.0
104.128,0.07747784790536894,0.030042645253183252,1.5911084544799188,551.1624352224766,800,-0.1,0.0
104.32000000000001,0.07753592005699265,0.029389223122278763,1.5962710552918118,492.66568485987835,800,0.0,0.0
104.512,0.07752761060433563,0.028776593687094364,1.6001467249491048,446.47162054705115,800,0.0,0.0
104.70400000000001,0.07641282504767509,0.05701948556271952,1.6037879225149396,408.8090703189311,800,0.15,0.0
104.896,0.07487610272650591,0.08527520080415502,1.6081742763883229,370.80237166954237,800,0.15,0.0
105.08800000000001,0.07359297138824417,0.1132150692939781,1.611114255930314,338.61527093420455,800,0.15,0.0
105.28,0.07201324324491389,0.1410072972284447,1.6130339502532376,313.9637048881196,800,0.15,0.0
105.47200000000001,0.07089502294889177,0.15949846771360665,1.6154349449340462,290.75197955249183,800,0.0,0.0
105.664,0.06999754985528633,0.1587267455591994,1.5236611427563282,259.26243344567695,800,0.0,-0.75
105.85600000000001,0.06987025610500669,0.15904332910119182,1.3867310713418117,751.7603174028147,800,0.0,-0.75
106.048,0.06932709931953315,0.15836818483989676,1.2951675458049499,715.5056590173145,800,0.0,0.0
106.24000000000001,0.06882136877315684,0.15766399224832367,1.298473269416479,677.3633956720963,800,0.0,0.0
106.432,0.06838274339121983,0.1570757984204745,1.3008215311009508,643.5728170615934,800,0.0,0.0
106.624,0.06794922515225638,0.15647017063416185,1.3031171490336266,608.8120330401157,800,0.0,0.0
106.816,0.06755893877775011,0.15589818755703208,1.3048279551944173,577.6216878787975,800,0.0,0.0
107.008,0.067005700471322,0.15557387426402136,1.2600078826157244,533.6947831264602,800,0.0,-0.75
107.2,0.06654510769341117,0.15509040045778966,1.118285379483325,499.7185216323828,800,0.0,-0.75
107.392,0.06603699410663509,0.15463130216203627,1.120388541425422,468.0072193730995,800,0.0,0.0
107.584,0.06555736195973239,0.1542133349825061,1.1222338789731507,439.0815226915578,800,0.0,0.0
107.776,0.06513006911975125,0.15377277022390323,1.1239658713438043,412.0257682985868,800,0.0,0.0
107.968,0.06469684704852995,0.1534105932006955,1.1254347826171323,387.81560958906135,800,0.0,0.0
108.16,0.06422921490099025,0.15310533975430296,1.271201234386421,364.2918348087214,800,0.0,0.75
108.352,0.06403907430064268,0.15285958248898646,1.3201247838020738,349.2390125890606,800,0.0,0.0
108.544,0.06383783513134639,0.1525683749686213,1.320745677077456,335.28217022258144,800,0.0,0.0
108.736,0.06368271206817971,0.1523155229091669,1.3213287803801634,321.77497855749584,800,0.0,0.0
108.928,0.06356854779176598,0.15203454963072857,1.3219688430931162,308.169931252021,800,0.0,0.0
109.12,0.06338571140183057,0.15181197129385118,1.3224812800951362,296.2116935288795,800,0.0,0.0
109.312,0.06320892342861878,0.1515711104759777,1.3230127841730797,284.20054824987966,800,0.0,0.0
109.504,0.06311521432374141,0.15133568076801587,1.3235458822044306,272.68124864497605,800,0.0,0.0
109.696,0.06308907688465484,0.15159573196405843,1.327011228678856,778.9290996539403,800,0.0,0.0
109.888,0.06278749899859598,0.15134833852599405,1.3273584321024616,766.5234007769985,800,0.0,0.0
110.08,0.06259253760527327,0.15104133456594765,1.3280864995671067,749.74769548002,800,0.0,0.0
110.272,0.06239041785241951,0.15080314545861745,1.328497663910241,731.4355586677317,800,0.0,0.0
110.464,0.062261232649408194,0.15052708251488975,1.329207698164085,711.3802397092992,800,0.0,0.0
110.656,0.062110630748203416,0.1502981404179943,1.329435633261851,692.3799874576007,800,0.0,0.0
110.848,0.06202000822614542,0.15003385509862482,1.3300534266340325,671.1396201395604,800,0.0,0.0
111.04,0.061877341632026794,0.1498445036906462,1.3302317929446197,652.253411771333,800,0.0,0.0
111.232,0.06176688160662548,0.1496514485887816,1.3306422537452622,632.6297134311346,800,0.0,0.0
111.424,0.06163140514437773,0.1494973778263179,1.3309388626839764,613.8964293742895,800,0.0,0.0
111.616,0.06153956372405779,0.1493021736192514,1.3313464141009401,594.6661181315046,800,0.0,0.0
111.808,0.0614011716006459,0.14915373044352792,1.3315544872423422,576.6442832614084,800,0.0,0.0
112.0,0.061316510669574165,0.14895230962617068,1.331958120246636,557.5251944680728,800,0.0,0.0
112.19200000000001,0.061222841306544463,0.14879303568717966,1.33225845527698,540.0106652089377,800,0.0,0.0
112.384,0.061124233087726465,0.14864697221827655,1.3324138368924334,523.0657809923291,800,0.0,0.0
112.57600000000001,0.06106453727372959,0.1484890011081017,1.3327359017892437,505.6984191800279,800,0.0,0.0
112.768,0.06099586573170513,0.14830234521799213,1.3331076078491373,488.0371308568868,800,0.0,0.0
112.96000000000001,0.06090165681681191,0.14816274222442588,1.3332852515559193,472.0922465411346,800,0.0,0.0
113.152,0.06083091614134605,0.14801737838887233,1.3334488582313035,456.7274277707806,800,0.0,0.0
113.34400000000001,0.060756167097988416,0.14789426023506677,1.3335270997287711,441.9616388925397,800,0.0,0.0
113.536,0.06075617326624509,0.14776328131521055,1.3338774477923216,426.6339722210037,800,0.0,0.0
113.72800000000001,0.060741381023671784,0.14764763849004042,1.3341205825033473,412.3012069258269,800,0.0,0.0
113.92,0.060697511577186704,0.1475349927192736,1.3344254788067262,398.40523275153,800,0.0,0.0
114.11200000000001,0.06066052327408125,0.14740751372273875,1.3346159369157213,385.1348851668286,800,0.0,0.0
114.304,0.06061925650657572,0.14728330523017644,1.3348374368644267,372.00202306268693,800,0.0,0.0
114.49600000000001,0.060575357865245975,0.14714176823083913,1.334980443915943,359.75312662533446,800,0.0,0.0
114.688,0.06052277815162339,0.1470623324833307,1.3351317686210216,348.23126111572407,800,0.0,0.0
114.88,0.06050023189921325,0.1469696748247262,1.335298468169018,336.6440075673524,800,0.0,0.0
115.072,0.0604852425742933,0.14685052491619266,1.335550082399509,324.662245196309,800,0.0,0.0
115.264,0.06042272332003306,0.14677435646188036,1.335619094423599,314.7516717649974,800,0.0,0.0
115.456,0.060401477988386625,0.14668029814225225,1.3358057025773364,304.4714964859374,800,0.0,0.0
115.648,0.0603634609696892,0.1466107049318825,1.3359392216230548,294.78926328871336,800,0.0,0.0
115.84,0.060296184668377564,0.14653616326424374,1.3360073051270893,285.34518069028155,800,0.0,0.0
116.032,0.060273141891490904,0.14645900171348683,1.3361361846130748,276.5479257460441,800,0.0,0.0
116.224,0.060429279611897084,0.14632996403712423,1.3350317049748996,780.2215220710775,800,0.0,0.0
116.416,0.06033059806952301,0.14619494158116003,1.3348614555905858,770.8473853201731,800,0.0,0.0
