time_s,x_m,y_m,yaw_rad,icp_rmse_m,pairs,iterations,accepted
0.064,0.0,0.0,0.0,0.0,180,0,1
0.256,4.2051094168760884e-05,-0.0002099399886762738,8.317933055459841e-07,0.00584937953919126,153,2,1
0.448,0.00010236746512763269,-0.00024458522234849505,-1.0987795765477593e-06,0.003029742473359851,153,2,1
0.64,-0.00020561067126327975,-7.795782992835136e-05,9.883873330989282e-07,0.0028003907428023863,153,2,1
0.8320000000000001,-9.998147237654741e-05,-0.00012078051484795532,-2.9189453312916465e-06,0.0021467029159429685,153,2,1
1.024,-7.630956854671041e-05,-5.541225169183839e-05,7.490862635381735e-07,0.0017301668381452843,153,2,1
1.216,-0.0002495529808525254,-0.00010477808302479557,-1.6007951877500138e-07,0.0012548435253444056,153,2,1
1.408,-0.000255074582771456,-5.300259643602647e-05,2.4024262544049306e-07,0.0010155918214577546,153,2,1
1.6,-0.00019691035790930458,-2.4948730409720383e-05,-1.5822392756122012e-06,0.0011388246020202944,153,2,1
1.792,-0.00012746009399113088,-3.013531197833635e-05,-1.4093756810938512e-06,0.0011581223884892414,153,2,1
1.984,-0.00012576482594648918,-2.0174785863961688e-05,-6.412416067292703e-07,0.0008864454692613384,153,2,1
2.176,-0.00020635531066086983,-2.912205735551667e-05,-1.7186828235754657e-06,0.0006223782140251296,153,2,1
2.368,-0.00021115734770937817,-1.5284903597698213e-05,-2.1643463499152048e-06,0.0013026109013314056,153,2,1
2.56,-0.00019217500981743473,0.00013835155794598462,-2.9102693724110466e-06,0.0013027219472731735,153,2,1
2.7520000000000002,-0.00015149443738019555,-2.947116310761603e-05,-2.0250655396675686e-06,0.0013962134876920912,153,2,1
2.944,-0.00017469300756429692,2.014674988094156e-05,-3.839348960626606e-06,0.0009325743253527623,153,2,1
3.136,-0.00011939184470265908,1.5287532275240774e-05,-1.1996208144536743e-06,0.001149797809945454,153,2,1
3.3280000000000003,-4.1796311701657335e-05,5.375439699198596e-06,-1.6779702398764108e-06,0.0010763305485196877,153,2,1
3.52,-4.9694403989877625e-05,-3.479901484916055e-05,-7.845168109646996e-07,0.0010365630873697196,153,2,1
3.712,-0.0001186022292803419,-6.550396525488198e-05,-3.2258921414123226e-06,0.0016086226320632193,153,2,1
3.904,-0.00023638545953929652,6.763039528456218e-05,-3.2847054492116513e-06,0.0010537938365161805,153,2,1
4.096,-0.00022492948011497405,0.00010423049801632918,-2.624001238368535e-06,0.0010047220603583583,153,2,1
4.288,-0.00020669266751169616,1.6296257798312084e-05,-2.2250482292074822e-06,0.001133766001912168,153,2,1
4.48,-0.00021017748207550666,7.396116244189348e-05,-2.365903416581672e-06,0.0009613521546741465,153,2,1
4.672,-8.023608582401822e-05,3.3852108742625846e-05,-2.0224704111374083e-06,0.0009157693839954137,153,2,1
4.864,-9.620302491818424e-05,1.8149447364949466e-06,-2.9287080276353416e-06,0.0010791180040477446,153,2,1
5.056,-0.00016825703587554984,1.3092441516738774e-05,-2.17777845097927e-06,0.001053671679716195,153,2,1
5.248,-0.00012479873083576074,-3.195358803416231e-05,-1.992454731781426e-06,0.001116739993557165,153,2,1
5.44,-0.00018617656358682627,-6.21044675953918e-05,-2.421361575378439e-06,0.0008473208676877614,153,2,1
5.632,-0.0001862806340504082,2.3159601506678396e-05,-2.801208044820046e-06,0.0008837111855823747,153,2,1
5.824,-0.0002293322215663439,0.00015543022264070212,-4.599615332301586e-06,0.0012290978903721516,153,2,1
6.016,-0.00018776614223371197,7.426068237126804e-05,-2.501827818613603e-06,0.0010264967534740327,153,2,1
6.208,-0.0002051620188190323,-2.2364280595134467e-05,-3.6563575900062294e-06,0.0009822386230172863,153,2,1
6.4,-0.00022115883081357551,1.254627770665113e-05,-4.346218162784531e-06,0.0010243545615450996,153,2,1
6.5920000000000005,-0.00016720768179341686,5.1259835844705825e-05,-4.4305063263209e-06,0.0011193057707901718,153,2,1
6.784,-0.0002230901725663805,-7.506133744261385e-08,-3.6163809982895744e-06,0.0008464983328306731,153,2,1
6.976,-0.00016720768179284018,5.1259835844605794e-05,-4.430506326381731e-06,1.198373779675236e-15,153,2,1
7.168,-0.00013196255617042578,7.538248093144874e-05,-3.5888137578845367e-06,0.0013174354995420692,153,2,1
7.36,-0.0002211588308139577,1.2546277706702626e-05,-4.346218162558068e-06,8.808070868792449e-16,153,2,1
7.5520000000000005,-8.712546483684804e-05,5.50958423717669e-05,-3.145795889861053e-06,0.0014888838775676948,153,2,1
7.744,-8.511071463349282e-05,6.004423396087642e-05,-2.1588101288350185e-06,0.0011626672999178092,153,2,1
7.936,-0.00015464551720028815,6.993885191840752e-05,-4.404234479557907e-06,0.0013729568839391687,153,2,1
8.128,-0.00015527767376308533,6.109429736623307e-05,-4.0898625008142015e-06,0.0010796418025558281,153,2,1
8.32,-0.00014517863771048252,0.0001255274606047278,-3.3145608199086278e-06,0.0008479844530635777,153,2,1
8.512,-0.00018970714059547244,5.95140133797598e-05,-4.383328124226694e-06,0.0011144043313160092,153,2,1
8.704,-0.00028294148165070666,9.3456860934193e-05,-4.173837898823415e-06,0.0012928319984680237,153,2,1
8.896,-0.00014263117417763162,0.00011361933509472491,-2.9155469396681447e-06,0.0009191242740085561,153,2,1
9.088000000000001,-0.00018669895233069402,0.00011588383597025582,-3.4208801022354194e-06,0.0011396029133884588,153,2,1
9.28,-0.00023775049421185124,6.682969424446828e-05,-3.2204792151125393e-06,0.0007534179573450196,153,2,1
9.472,-0.00017643636421355992,9.79217723926847e-05,-3.5316152865531866e-06,0.001029824776296403,153,2,1
9.664,-0.00020730565856571473,9.330378237135657e-05,-3.104554146882385e-06,0.0008589099795273067,153,2,1
9.856,-0.00022129268602850041,7.116874396435676e-05,-3.9671538173804e-06,0.0011522147104941391,153,2,1
10.048,-0.00019637038104726635,0.00019209094012348076,-3.020646469660422e-06,0.0015267360928689633,153,2,1
10.24,-0.00016085509472233366,7.116591273438944e-05,-3.450509946421644e-06,0.0008804246388186733,153,2,1
10.432,-0.00011606707056555996,0.00010109461284419567,-2.8349229596933267e-06,0.00120597235533985,153,2,1
10.624,-8.548820177641967e-05,0.00014891913635617325,-3.5930420495289544e-06,0.001125681190566019,153,2,1
10.816,-0.00010744033220444765,8.684012088454517e-05,-2.4524875090697804e-06,0.000858482487468589,153,2,1
11.008000000000001,-0.00018576443172922582,0.00016844901788473844,-5.764276844057301e-06,0.0006928893268676656,153,2,1
11.200000000000001,-0.00019588042009202592,0.0001276829222279497,-4.149533110308586e-06,0.0009131495448927453,153,2,1
11.392,-0.00014093611990326037,8.54449396493421e-05,-3.7236769245400176e-06,0.0008934643666019949,153,2,1
11.584,-0.0001746460861980078,8.915229749219016e-05,-3.0271796209756957e-06,0.0011367373497205519,153,2,1
11.776,-0.00015243779299702382,0.00016016559963860695,-3.7276484150716226e-06,0.0010788972170207422,153,2,1
11.968,-8.087900924737386e-05,9.856186738803567e-05,-3.5562519037120124e-06,0.000862572268766556,153,2,1
12.16,-8.179782830828024e-05,0.0001033468479761509,-4.58574238746135e-06,0.0012431643493764925,153,2,1
12.352,-8.815781377134106e-05,0.00010198263379330316,-4.426610007858709e-06,0.0011773779213942875,153,2,1
12.544,-0.00011600540666527548,8.261454341211528e-05,-2.6628500699134657e-06,0.0011395004727105646,153,2,1
12.736,-0.00013541857931820937,6.861104977947984e-05,-2.8920057357221042e-06,0.0011131089862751041,153,2,1
12.928,-0.00019606427073195958,2.1278938792917308e-05,-1.994114255774167e-06,0.0009321757788584094,153,2,1
13.120000000000001,-1.9367665195289103e-06,0.0001237723582093961,-2.9162857237209715e-06,0.000942542139965427,153,2,1
13.312000000000001,-0.00012864519385129644,6.389661783968067e-05,-3.6370271218402627e-06,0.0010267387103646258,153,2,1
13.504,-0.00016096606281328484,2.9357785825404704e-05,-2.3410308741692737e-06,0.0015201048733646738,153,2,1
13.696,-0.00010789063184794506,9.818206195105097e-05,-3.7787635093306184e-06,0.0013697033620307412,153,2,1
13.888,-0.00012126926096677042,6.254298115898067e-05,-3.6620153107291887e-06,0.001146169974499211,153,2,1
14.08,4.5908085323152645e-05,8.698174458858161e-05,-3.86887075690548e-06,0.0013483939060913255,153,2,1
14.272,6.350837611981851e-05,4.716050025736841e-05,-4.5487441599324824e-06,0.0010926569035725714,153,2,1
14.464,-4.620200541525879e-05,0.00014736832468987906,-3.3148883553246275e-06,0.0008774391642815215,153,2,1
14.656,-5.171486246356204e-05,0.00010817859207320673,-2.6124263788232533e-06,0.0009482292848073758,153,2,1
14.848,-9.11980806233939e-05,0.00013943076073125773,-3.815503710025771e-06,0.0011199496078953164,153,2,1
15.040000000000001,6.174292515498117e-05,-4.6075021189222925e-05,-4.3639001366533575e-06,0.0010519583750967117,153,2,1
15.232000000000001,-8.261513860741536e-05,6.140907278899091e-05,-3.943165769454854e-06,0.0013112704578687967,153,2,1
15.424,5.414669994213342e-05,9.123534128519581e-05,-2.5326200887084644e-06,0.000881612485871461,153,2,1
15.616,3.854206049827535e-05,9.684580446434731e-05,-3.6424717125888566e-06,0.0011574430031993847,153,2,1
15.808,-2.2995240751368124e-05,2.5565399883594347e-05,-2.1162264371955632e-06,0.0010737603409204954,153,2,1
16.0,1.2843956116569845e-05,5.422391264446463e-05,-3.2592045915988873e-06,0.0012333181254644522,153,2,1
16.192,0.00010686974560333889,0.0001346444211937396,-3.7427409878485744e-06,0.0010818551642588594,153,2,1
16.384,0.00014578461432725013,0.0001224106747473072,-2.090292849649575e-06,0.001111319393156714,153,2,1
16.576,0.00014265859500756168,3.174082809858839e-05,-3.002325116044627e-06,0.0013716879774970639,153,2,1
16.768,0.00012155661628714527,3.839611110261953e-05,-2.5758798964641932e-06,0.0007844982968026723,153,2,1
16.96,8.037452020230801e-05,5.453650529898475e-05,-2.3829582150980322e-06,0.0009799591961613676,153,2,1
17.152,4.510061543942415e-05,1.6946086221170286e-05,-1.4273513940205852e-06,0.0010022558494771879,153,2,1
17.344,3.117793304140212e-05,2.343642599952788e-05,-5.475268071070212e-06,0.0010017528911592248,153,2,1
17.536,1.4112006716384345e-05,-1.3135838543528458e-05,-1.65498699212029e-06,0.0008948247041311479,153,2,1
17.728,2.312188654240222e-05,-1.3582547733617505e-05,-3.8977247331698765e-06,0.001345965408070258,153,2,1
17.92,4.611020712655441e-05,1.549307251676318e-06,-2.463525366012072e-06,0.000895228345859815,153,2,1
18.112000000000002,6.591943330301573e-05,6.723960684179273e-05,-2.599006656696638e-06,0.0011013310577588915,153,2,1
18.304000000000002,7.054862464771646e-06,6.37212668988212e-05,-2.6739451539445134e-06,0.0011706747871995389,153,2,1
18.496,-5.053923907922499e-07,3.117871004040478e-05,-3.6071136835711263e-06,0.0008128500206970103,153,2,1
18.688,5.9184715582899747e-05,-1.5590606730495294e-05,-2.417360243401468e-06,0.0007699785003756981,153,2,1
18.88,-3.191385681949921e-05,2.7273875910441876e-05,-3.1244272427357883e-06,0.0009367491575280618,153,2,1
19.072,2.1540891408101204e-05,7.332791801552179e-05,-3.984471061190473e-06,0.0011296310384107757,153,2,1
19.264,6.96025116941781e-05,2.9490110753601518e-05,-3.075494658889577e-06,0.001255291075645179,153,2,1
19.456,1.0800425436646051e-05,5.403978273718388e-05,-4.061542598295338e-06,0.0008360866559720902,153,2,1
19.648,-4.555980674211221e-06,0.00011387311934551216,-3.119087733072156e-06,0.0013381467400539959,153,2,1
19.84,-6.056553728279372e-05,9.602206976269467e-05,-3.9453116634333656e-06,0.0010046159148043917,153,2,1
20.032,4.257267254689159e-05,0.00010461955145592512,-3.713876292431495e-06,0.001139988623015172,153,2,1
20.224,7.184225369652022e-06,2.1175087968037144e-05,-3.1729287167894992e-06,0.001038843992691908,153,2,1
20.416,-9.097705232744127e-06,4.959492083231798e-05,-2.880045421076594e-06,0.0010977060247655923,153,2,1
20.608,-5.516576744762299e-05,2.2778369900826818e-05,-2.4475563280367194e-06,0.0010592776883287217,153,2,1
20.8,-5.485204879980449e-05,-1.0072878473381503e-05,-3.616510503550592e-06,0.0009203877372824849,153,2,1
20.992,-0.00010230155856744728,3.815230292735232e-05,-4.17018433192756e-06,0.0009745850414926597,153,2,1
21.184,-7.705032968444186e-05,9.591025788002229e-05,-1.4390664575366133e-06,0.0010867650607492819,153,2,1
21.376,-3.828818590824296e-05,7.59808077677371e-05,-3.425322254707523e-06,0.0012864372865491786,153,2,1
21.568,-4.090887089860558e-05,3.641248752944386e-05,-2.2157493741751723e-06,0.0007279894420181114,153,2,1
21.76,1.9835696851754468e-05,3.465064109653951e-06,-3.0200765450811064e-06,0.0008233360515944049,153,2,1
21.952,0.00010021991172399317,-1.0834861176483773e-06,-1.5179624741666634e-06,0.000978775896503769,153,2,1
22.144000000000002,5.732126126804122e-05,-8.574076604316855e-06,-3.930519482065345e-06,0.0011270822843263376,153,2,1
22.336000000000002,-6.236922763099997e-05,-3.067517843349655e-05,-4.5413832115362485e-06,0.0009482148486544888,153,2,1
22.528,-4.8417228385420255e-06,4.754600906272927e-05,-3.106708185113436e-06,0.0009300965598812209,153,2,1
22.72,1.5730763397694275e-05,4.4781784567569654e-05,-3.826693263168865e-06,0.000998989065964592,153,2,1
22.912,-3.34149417789024e-05,-3.491751566287308e-07,-1.7599316836147813e-06,0.0010019022166678992,153,2,1
23.104,-5.056948766640527e-06,-1.5770659445238653e-05,-3.009669310655466e-06,0.0009779117880671102,153,2,1
23.296,8.236037589478206e-05,3.073338243842211e-05,-2.2819187620780886e-06,0.0012300218856487962,153,2,1
23.488,9.435726633574124e-05,-1.2616453729041246e-06,-3.55015851927985e-06,0.001242302522523841,153,2,1
23.68,4.802227691039786e-05,5.388240155629322e-05,-3.7628275601098367e-06,0.0008396219213782012,153,2,1
23.872,-2.422700165812402e-05,5.200075618042574e-05,-2.8013007321588685e-06,0.000750688770422688,153,2,1
24.064,0.00011366000020826305,1.9131345079386825e-05,-2.6894946389016573e-06,0.0010588322310291396,153,2,1
24.256,0.0001553836404051917,5.7126825120698e-05,-1.8547909855969973e-06,0.00160511680286624,153,2,1
24.448,0.00012678322226964358,-5.31617962222231e-06,-2.896881563330156e-06,0.0011252732687911098,153,2,1
24.64,0.00017997220397580145,3.673768887850064e-05,-3.3351155834069387e-06,0.0010345874632765584,153,2,1
24.832,0.00020144830021890585,4.1620096740093514e-05,-4.324646173248623e-06,0.0011745986895059946,153,2,1
25.024,0.00012920658703017765,0.0001312392949950258,-4.44278597586595e-06,0.0012473066874414873,153,2,1
25.216,0.00023649533657186167,0.00010169167313088724,-3.9048363462402725e-06,0.0015577029734390978,153,2,1
25.408,0.00018298110257325106,4.046451929911411e-05,-2.9680624886119304e-06,0.0007784613702302332,153,2,1
25.6,0.00015765545739889383,-5.935089781115963e-05,-1.1820699437793891e-06,0.0009326080609292999,153,2,1
25.792,0.00010623783014002379,-0.00010061036155689997,-4.998555101556541e-06,0.0011454525088238413,153,2,1
25.984,0.0001367876128008783,1.3947248173394196e-05,-4.933564743446111e-06,0.0007236351195916863,153,2,1
26.176000000000002,0.00016764605466183512,-4.462673710505085e-06,-4.285270339996938e-06,0.0009851150920433046,153,2,1
26.368000000000002,0.00011919784557373278,1.8941154277817688e-05,-3.4181742507167564e-06,0.0012229079763898414,153,2,1
26.560000000000002,0.00019227253100855763,2.269550152640744e-06,-3.2148082167266004e-06,0.0013052417814382778,153,2,1
26.752,0.00017490661584580015,4.017781797230452e-06,-2.503226911726558e-06,0.0008897859974022785,153,2,1
26.944,0.0001011905784014341,-3.844054674701501e-06,-3.6885628218277115e-06,0.0010277536566009589,153,2,1
27.136,0.00013203536373648174,1.340896909112677e-05,-3.63273689356846e-06,0.0010288065005115306,153,2,1
27.328,8.658079520902902e-05,4.010109008865231e-06,-4.251854758559462e-06,0.0009475481628659586,153,2,1
27.52,4.1134301143382843e-05,-6.028905487604948e-05,-2.946995034200249e-06,0.0009955505195211936,153,2,1
27.712,3.736295658180432e-05,-0.00011739106552597865,-3.0468899003531884e-06,0.0013481331324968308,153,2,1
27.904,8.411910304529834e-05,-0.00014912662057055978,-2.699564583023486e-06,0.001466581020911557,153,2,1
28.096,8.777842103897525e-05,-0.00010286855630988746,-2.6531778504553918e-06,0.0009099685065115385,153,2,1
28.288,5.710188969879934e-05,-0.00010606955605955678,-1.088549921075311e-06,0.0009357084851865347,153,2,1
28.48,5.901033888799451e-05,1.5634876275151785e-05,-3.2584418760417967e-06,0.001097508318027249,153,2,1
28.672,3.9168586249811685e-05,-1.723257846443337e-05,-3.260205868258617e-06,0.0013011797457488487,153,2,1
28.864,8.655876196707098e-05,-4.481044232380932e-05,-2.6241267318899785e-06,0.0010928329301212402,153,2,1
29.056,8.241130340381591e-05,-2.5770934683802465e-05,-2.565403504021608e-06,0.0007829217648706282,153,2,1
29.248,0.000129990853236107,-0.00017472755526941954,-2.5435589458779574e-06,0.001122627881711617,153,2,1
29.44,8.726880171739984e-05,-0.00010710877177649904,-1.327697175453377e-06,0.0010025280580984724,153,2,1
29.632,2.922028590325003e-06,-0.0001603420666818618,-2.6455492897609535e-06,0.0007665994451477078,153,2,1
29.824,6.480733148258364e-05,-0.00011543949418173632,-3.1468755503284183e-06,0.0013548985673345773,153,2,1
30.016000000000002,0.00011863115779054992,-7.02129509009093e-05,-2.032997719969202e-06,0.001090567642218226,153,2,1
30.208000000000002,0.00016748317346568093,-0.00011889363233332755,-3.145045876964899e-06,0.0009222437400490485,153,2,1
30.400000000000002,7.013790516790494e-05,-0.00011354535135298937,-3.0944913025445932e-06,0.0009768287850408935,153,2,1
30.592000000000002,1.0352882601307213e-05,-0.00010167171477986546,-2.0729328293297614e-06,0.000880585214536954,153,2,1
30.784,2.700835846138408e-06,-0.00014241275939146162,-3.1288314174835367e-06,0.0008850853848478899,153,2,1
30.976,0.00020039266217060793,-0.0002135599490041496,-3.4432025913317986e-06,0.0012526440064573915,153,2,1
31.168,0.00016227322663176614,-0.0002052128364106968,-3.089261967588528e-06,0.0011158022289331064,153,2,1
31.36,6.778183971893177e-05,-0.00018488082546956345,-2.854473411553322e-06,0.0010041273513030449,153,2,1
31.552,4.577545766080485e-05,-0.00017732999930478,-5.108075336140105e-06,0.0012388675991156053,153,2,1
31.744,-1.9044367410354625e-05,-0.00022278726554697165,-2.373823865002164e-06,0.0008414251114201633,153,2,1
31.936,-2.2491772936140712e-05,-0.00021007153019795744,-2.729500520669331e-06,0.001307504935183556,153,2,1
32.128,-3.917204935476889e-05,-0.00021804258540997914,-4.3815283807577586e-06,0.0012152940494963562,153,2,1
32.32,6.325432391427477e-05,-0.00016915213987076706,-3.4334178375630637e-06,0.0012333540135987954,153,2,1
32.512,0.00010923566122073705,-0.00022605969098824706,-2.324560513570704e-06,0.001114683356401463,153,2,1
32.704,0.00012384476680558454,-0.00021539706783157343,-4.31270268968334e-06,0.000843898422173407,153,2,1
32.896,0.0001897360023468663,-0.00020451771539400722,-3.278004858676215e-06,0.0011578234090054405,153,2,1
33.088,0.0001306537305335084,-0.00016898597544497975,-3.376099367276198e-06,0.0011206272079380835,153,2,1
33.28,7.586805573088596e-05,-0.00019844029793368074,-4.01515800388256e-06,0.0008106984337220984,153,2,1
33.472,0.0001461480102844954,-0.00024985787824552375,-2.9379305633549367e-06,0.0010120887314221134,153,2,1
33.664,0.00040202420637551787,-0.00025519774214747664,-1.2462131394538444e-06,0.0014517834371386249,153,2,1
33.856,0.00018329346409193188,-0.00029761788604834723,-3.981683694659653e-06,0.0008585692561149861,153,2,1
34.048,0.00026474204901472267,-0.00013221528832724414,-3.2770065863298305e-06,0.0011747377215911479,153,2,1
34.24,0.00013834655819340363,-0.00015115927572070803,-2.5005164944624833e-06,0.0008863403393571953,153,2,1
34.432,0.00013735702383567023,-0.00019513658831227533,-4.284684305778833e-06,0.0009830898521344211,153,2,1
34.624,0.00013545090502787232,-0.0002675797986893423,-5.3763301445679396e-06,0.000984560898817573,153,2,1
34.816,0.00014746267787034298,-0.0001256216844444214,-5.399770916726155e-06,0.0011559589223287346,153,2,1
35.008,0.00013122209903154548,-0.00023738771589004606,-9.03133779755111e-06,0.001283031349453239,153,2,1
35.2,0.00022620155513025856,-0.00022700816168321413,-3.0644592701053827e-06,0.0010088487043463771,153,2,1
35.392,0.00016039810988225444,-0.00017925431143827537,-3.643976870673112e-06,0.000995233977165161,153,2,1
35.584,0.00015687914955572584,-0.00012229233840760958,-4.3804874470101124e-06,0.0012435664905847321,153,2,1
35.776,0.00024118640183716335,-0.00014579717904839392,-6.460438083425931e-06,0.0010092142145124588,153,2,1
35.968,0.00021178109136275162,-0.00015508303779726744,-5.990860005428661e-06,0.0011068218926555927,153,2,1
36.160000000000004,0.00023009765382029095,-0.0001511943410304035,-7.023511476208738e-06,0.0008190512396737488,153,2,1
36.352000000000004,0.00013380264788587394,-0.000161832505638248,-4.594876575941626e-06,0.0008589465066640496,153,2,1
36.544000000000004,0.0002313250306144495,-0.00017234049159379228,-5.65193883574672e-06,0.0008648034399650474,153,2,1
36.736000000000004,0.0002863003170477904,-9.00747035884865e-05,-7.013995333453814e-06,0.0010130867841185217,153,2,1
36.928,0.00026669702404203826,-0.00016953782337823879,-5.68397083746506e-06,0.0013124460044223137,153,2,1
37.12,0.0002645917215092224,-8.81362159959372e-05,-3.5394720700614568e-06,0.0008684282591702298,153,2,1
37.312,0.00024738105796607825,-0.0001041013789537813,-6.051744205255256e-06,0.0007449558321047232,153,2,1
37.504,0.00020330996479003098,-0.00017226949353082156,-5.81752835377259e-06,0.000983927956901443,153,2,1
37.696,0.00017201786422830692,-0.0001249010667491699,-5.8151120569393326e-06,0.0009476099525095386,153,2,1
37.888,0.00026114935510616536,-0.00016375922589374233,-6.090223238261533e-06,0.0009667169560480312,153,2,1
38.08,0.00018224515801932935,-0.0001312444167452312,-5.60869248603221e-06,0.0007494121167875361,153,2,1
38.272,0.00018718369496008083,-0.00014900393255521101,-5.402636142687749e-06,0.0009490925709489716,153,2,1
38.464,0.0001496671041460933,-3.6919135640219844e-05,-4.7680819123073296e-06,0.0011804353515949262,153,2,1
38.656,0.00019315606417227973,-8.223016331976174e-05,-4.870719488534807e-06,0.0009479255699387099,153,2,1
38.848,4.813218013746315e-05,-0.00021906680573648867,-6.536663896552636e-06,0.0012409429396762826,153,2,1
39.04,0.00018697963012019415,-0.00011324028343448806,-6.095267158752355e-06,0.001030468049557514,153,2,1
39.232,0.00014759099673408688,-0.00012195575080122305,-8.265831461209275e-06,0.0012432893753407976,153,2,1
39.424,8.615492159091413e-05,-0.0001887892795412229,-6.418808904823376e-06,0.0011326987783031848,153,2,1
39.616,6.490206944859717e-05,-0.00010007194052962239,-7.259156134386982e-06,0.0010657409035670705,153,2,1
39.808,0.00010415030758712315,-0.000130496409640716,-5.563732905743143e-06,0.0010109748271564351,153,2,1
40.0,0.00021887988640154358,-7.306121747615855e-05,-6.1645957265635905e-06,0.0011436075438863895,153,2,1
40.192,0.0002767911187593608,-0.00011770270576587489,-5.3514285894735765e-06,0.0014968814209761496,153,2,1
40.384,0.00013218445188969993,-6.514705845595349e-05,-7.618172830804683e-06,0.0009120352666821924,153,2,1
40.576,0.00017278742127304944,-7.354621527000524e-05,-7.621726874550405e-06,0.0011794631509364373,153,2,1
40.768,0.00012203885274951565,-9.216460817115674e-05,-7.2261823125724754e-06,0.0009073493939334576,153,2,1
40.96,5.975896934674119e-05,-7.043030699102491e-05,-7.280417783218543e-06,0.001008860066945827,153,2,1
41.152,8.78203984614208e-05,-8.94961062693069e-05,-5.9463952064387945e-06,0.0007221584464983936,153,2,1
41.344,3.370792247270976e-05,-0.0001513679788904411,-7.6104009289076974e-06,0.00098728140375297,153,2,1
41.536,0.000143168920756183,3.268008726553859e-05,-9.553064226839586e-06,0.001126694512949618,153,2,1
41.728,8.73732456984331e-05,-6.803332725858159e-05,-8.093594802601175e-06,0.0013411023154742618,153,2,1
41.92,0.00015020506817340772,-3.683201633592118e-05,-6.904806823167126e-06,0.0009262217672662978,153,2,1
42.112,0.00010163065169930344,-0.00011783707578366198,-7.04808210319755e-06,0.0011184457805736095,153,2,1
42.304,8.05898999992003e-05,-0.00013055036853318403,-8.12408234120039e-06,0.0012601873188805778,153,2,1
42.496,0.00015020506817369847,-3.683201633642664e-05,-6.904806823116697e-06,7.6324834846539e-16,153,2,1
42.688,0.00016176133646773154,-1.3167669774831896e-05,-5.880767103302517e-06,0.0011199431716216986,153,2,1
42.88,0.00012668755992394301,3.7296371846468876e-05,-8.066471286293757e-06,0.0010313406749274169,153,2,1
43.072,0.00021772164932608336,8.069922597079342e-05,-7.663272401534573e-06,0.0010874558706879737,153,2,1
43.264,0.00027312874921303393,1.7700401586811422e-05,-7.694383236714039e-06,0.001833453320658458,153,2,1
43.456,0.0002912016407179613,-8.317969606504853e-05,-7.316496336709993e-06,0.0014938679689650287,153,2,1
43.648,0.00018873096699988836,-6.170243876521601e-05,-9.315536887854846e-06,0.001074275279683474,153,2,1
43.84,0.00019765503014204362,-9.462504678354076e-05,-6.960492238113424e-06,0.0008995766224929214,153,2,1
44.032000000000004,8.407182300662294e-05,-6.750630167348132e-05,-6.0354883422438645e-06,0.0007844274926771723,153,2,1
44.224000000000004,0.000200435647143979,-2.3368293599115452e-05,-7.449943914547478e-06,0.0012014193242508376,153,2,1
44.416000000000004,0.0001916635786633426,-1.5613563041902586e-05,-7.545439802921705e-06,0.0012084068808644723,153,2,1
44.608000000000004,0.00024095893432623462,-2.5223010207797036e-05,-6.7533861311542856e-06,0.0010795512204617589,153,2,1
44.800000000000004,0.00023924666416701433,1.9377652820683434e-05,-8.669319521860265e-06,0.0010587694921550465,153,2,1
44.992000000000004,0.0003033128817883036,-1.1374529151414278e-05,-6.030580787287006e-06,0.0007628139690501175,153,2,1
45.184,0.00024186204444835767,-2.52622320198685e-05,-7.651125223907497e-06,0.0007958328225761606,153,2,1
45.376,0.00026825256146586796,-0.00012928383151580372,-5.574597836800888e-06,0.0009207863245084037,153,2,1
45.568,0.00030168951044806576,-8.546162340771397e-05,-6.164582255094111e-06,0.0009722777495454424,153,2,1
45.76,0.00020634499695219166,-0.00012733979733096188,-8.807307862756242e-06,0.0010298445174341385,153,2,1
45.952,0.0001602019459931113,-3.011571984871733e-05,-7.109159479485313e-06,0.0011704023654664436,153,2,1
46.144,0.00027211158198868187,-5.155697822399328e-05,-6.665487221600574e-06,0.00159744668089531,153,2,1
46.336,0.00021187652292757272,-3.4513913036590425e-05,-7.090597218267339e-06,0.0012870148226709656,153,2,1
46.528,0.000267505624348977,-6.50125809763086e-05,-7.208200933055723e-06,0.000872898926230245,153,2,1
46.72,0.00020945002336538658,-8.622329050613829e-05,-6.657971965786157e-06,0.0010561350014615036,153,2,1
46.912,0.0002665535907200464,-0.00015592379019236941,-6.4906752261904106e-06,0.0011966347158714344,153,2,1
47.104,0.00023504337152554096,-8.465733664887916e-05,-6.323183136125457e-06,0.0008991405617675887,153,2,1
47.296,0.00030614013817655575,-0.00014071632487738388,-5.550538896177617e-06,0.0012237764592742937,153,2,1
47.488,0.00032264130698119055,-0.00024109310244848798,-7.264344331518299e-06,0.0012047248802321239,153,2,1
47.68,0.00029779895407346915,-0.0001691887548038515,-6.810112359368665e-06,0.0009307158358144605,153,2,1
47.872,0.0002782594368463617,-8.876507368864455e-05,-6.443593849161776e-06,0.0011143728204631269,153,2,1
48.064,0.0004295372475112312,-3.890695202396717e-05,-7.904120054373265e-06,0.001002173986496642,153,2,1
48.256,0.0005012808144077093,-4.9111532412399966e-05,-8.290842288836504e-06,0.0013993251267185095,153,2,1
48.448,0.00027232831635134975,-0.00014403115081758187,-5.137873700709425e-06,0.0009755772876707779,153,2,1
48.64,0.00032024161471088964,-0.0001906150659195874,-3.7680043536127866e-06,0.0010333426591748818,153,2,1
48.832,0.0004866144692644655,-0.0002023082198501596,-6.581961400215178e-06,0.0014627744255814525,153,2,1
49.024,0.0003493250514357955,-0.00017949519214139118,-6.6401176219165714e-06,0.0010785754603077572,153,2,1
49.216,0.0004447538361584948,-7.427330292586804e-05,-6.39444617106859e-06,0.0010851200813434085,153,2,1
49.408,0.00040884492915528576,-7.052717170621623e-05,-7.256235871822681e-06,0.00107108282477821,153,2,1
49.6,0.00038129876349726847,-0.00014184995993835246,-6.892283918806232e-06,0.0007608978624791127,153,2,1
49.792,0.000349325051435503,-0.00017949519214139207,-6.6401176217228e-06,5.688432357707142e-16,153,2,1
49.984,0.00022758072719238992,-0.00011722575082782728,-5.358430151969609e-06,0.0012750089178366517,153,2,1
50.176,0.011751104768703328,0.0022763149070069697,-0.00011381874531596742,0.010873322089427314,153,6,1
50.368,0.029330686416201242,0.0031813556488491123,0.000752658613539561,0.014649463039660368,153,4,1
50.56,0.045719536841452545,0.0030651940431874612,0.0010228317858274666,0.013914350028614606,153,4,1
50.752,0.07033118372515063,0.002783835183702095,0.0037405541832275144,0.014664617656580522,153,4,1
50.944,0.09795729664563309,0.0016381402456793997,0.003240200580455965,0.012347099830387714,153,2,1
51.136,0.12572430679907245,0.0018103299752064473,0.0031501046529115767,0.010323564598532498,153,2,1
51.328,0.15435639758404243,0.001955531473280007,0.002508125079368142,0.009563729839682582,153,2,1
51.52,0.18219737689341772,0.0020949938945227765,0.003212997583137881,0.00959218288363919,153,3,1
51.712,0.20972813754658437,0.0014674749479533819,0.0036337415827253,0.009056236761230619,153,2,1
51.904,0.24056706093587887,0.0012324582142346214,0.004036359408199128,0.008591092408701921,153,3,1
52.096000000000004,0.27016201961242686,0.0012510638880344812,0.004389818980262763,0.007816802398372378,153,2,1
52.288000000000004,0.2989484179170228,0.0010446731379818357,0.004758211959722771,0.00801781915739431,153,2,1
52.480000000000004,0.32468634980793615,0.00041354775987261785,0.005327682634105984,0.008395312788696185,152,3,1
52.672000000000004,0.3550998079822936,0.002168754768976772,0.0055267021958713336,0.006731327354482748,152,3,1
52.864000000000004,0.36440955014862175,0.003073540869424652,-0.09165256716671616,0.008888727423901217,152,3,1
53.056000000000004,0.3642952466877775,0.0038901010880089733,-0.23140666695600523,0.006848321697883758,152,6,1
53.248000000000005,0.3830873457089285,0.0031448631702649084,-0.2789375368064546,0.011721567629368644,150,3,1
53.44,0.4101666837652404,-0.003567461071117397,-0.2751607307578719,0.010310168634435105,148,4,1
53.632,0.4413762246888786,-0.013542072488409482,-0.27426084536589407,0.00967132761248275,148,3,1
53.824,0.4661420731608441,-0.01673046908342919,-0.27183061604009134,0.007891146004471598,147,8,1
54.016,0.49365661260650984,-0.028969686689706852,-0.27210726513152067,0.008005539509960788,145,5,1
54.208,0.5173537398005672,-0.03634114310668989,-0.26782258284889854,0.008664574183547208,142,9,1
54.4,0.5460366006825857,-0.043845319437312714,-0.26807381752532616,0.009017550813032947,140,2,1
54.592,0.5754689051802381,-0.05218546136035359,-0.2688271030574653,0.008204395672257118,137,3,1
54.784,0.5927872072070208,-0.05592458520371363,-0.3145877451951997,0.009199262885578166,138,5,1
54.976,0.5934656862483336,-0.05438621842874569,-0.4566838108013248,0.00803423598366569,137,4,1
55.168,0.5923151926514955,-0.054528282221500336,-0.5966564181304497,0.006766586355292345,138,6,1
55.36,0.5934656826176741,-0.05331770106106129,-0.736690143972414,0.008183968055557753,137,4,1
55.552,0.5939143761308024,-0.05351149398566697,-0.87669268976278,0.007410926435165273,138,3,1
55.744,0.5954421504648438,-0.054290955460933814,-1.0166502308816887,0.008314665971391124,137,3,1
55.936,0.5949152801935276,-0.05616625539164376,-1.1562159149756572,0.009364906894788513,138,3,1
56.128,0.5961727392737536,-0.05572381587241751,-1.2964017957436031,0.007184986633725119,138,3,1
56.32,0.5963346988571282,-0.05554763919386419,-1.4364405976865793,0.006915770554146002,137,3,1
56.512,0.5978084831426229,-0.055478316890011425,-1.576452441131361,0.00790326871365883,137,2,1
56.704,0.5986965776515227,-0.056341267184145026,-1.7164697428297597,0.006751146792733744,137,3,1
56.896,0.600193292392943,-0.05926596539649639,-1.8562047528806895,0.009106373098956016,137,3,1
57.088,0.6010496131625889,-0.05972559516458121,-1.99592914957302,0.00894288512182495,137,3,1
57.28,0.5892611158182554,-0.07701163453950223,-2.0922664484174454,0.014638763167615467,136,4,1
57.472,0.5825873092136524,-0.09592653442826723,-2.0872148513773876,0.00875403113571288,137,5,1
57.664,0.5732035970582536,-0.11720280454801314,-2.0790320738501755,0.00887034265067534,136,11,1
57.856,0.5625000006510045,-0.13797823493921038,-2.072247929806325,0.008956071494255403,137,8,1
58.048,0.5554461540771916,-0.16073302620153015,-2.066496690487022,0.008884177719252418,137,6,1
58.24,0.5330884058628456,-0.19436280238316075,-2.0742667020967223,0.008669687207988873,137,10,1
58.432,0.519735384682453,-0.21663284100558386,-2.0733188988720324,0.00845042945506061,136,4,1
58.624,0.5127294230580625,-0.2372927586587173,-2.067571247467073,0.007229852189382495,135,6,1
58.816,0.48818342608720794,-0.2680049769623338,-2.074597113415708,0.006636571166766691,131,10,1
59.008,0.4744775984177046,-0.29278613935313236,-2.0733690357136423,0.006734761959911403,114,3,1
59.2,0.4703987810960802,-0.3130919394626127,-2.0670769201391956,0.007249722017624823,100,6,1
59.392,0.3974705401475327,-0.3582833972296151,-1.90347519491896,0.07940138523931349,87,25,1
59.584,0.3895799250168409,-0.3783715397763506,-1.827569560288767,0.03391996963309561,107,21,1
59.776,0.3928149084174761,-0.3752694160494211,-1.827454147670381,0.012801205139078835,127,5,1
59.968,0.3937496114362387,-0.3693051778039573,-1.8294608076971854,0.02356310826679321,125,8,1
60.160000000000004,0.38877548937956136,-0.3728693009702277,-1.8278268036076297,0.010927381662456314,128,5,1
60.352000000000004,0.3893697260975599,-0.37913854022098764,-1.8275275764462624,0.006962948719130311,128,5,1
60.544000000000004,0.4084419955809742,-0.3874140225134522,-1.8211790906588299,0.01052764753357918,129,8,1
60.736000000000004,0.3897972862600979,-0.37707978437602063,-1.8270828896625877,0.005742195119588661,128,9,1
60.928000000000004,0.39002492712554493,-0.37688625304615786,-1.8271715126224166,0.0032640348324385077,129,8,1
61.120000000000005,0.38956595720140236,-0.37734324677275066,-1.8271607610505063,0.002581231410184735,129,7,1
61.312000000000005,0.38981979077936524,-0.3770532666956399,-1.8271517828952932,0.0024459038641577568,129,8,1
61.504,0.39048955148524966,-0.37698727394587167,-1.8272298196573742,0.0029942220609038366,128,5,1
61.696,0.3895939016912306,-0.37545892003059184,-1.8274897249965572,0.002045286696729634,91,5,1
61.888,0.38878454944516394,-0.3632609896032647,-1.8307659957903597,0.00768370502219682,96,5,1
62.08,0.3894154828541426,-0.3483361936391929,-1.8344716100180922,0.009577288607655979,103,4,1
62.272,0.3807102834749871,-0.32578793598566114,-1.8405561841072282,0.02260827847326399,140,4,1
62.464,0.384458029513316,-0.3113783754760244,-1.8440292788133297,0.008250630460005695,141,4,1
62.656,0.3864578855431278,-0.29548211144751696,-1.847995092369703,0.008583849791663467,141,4,1
62.848,0.38253298411637543,-0.3166156341974544,-1.844106842798187,0.004420730795486912,141,6,1
63.04,0.38868331689281205,-0.34670449021168936,-1.8356865863039857,0.004544507741744927,103,9,1
63.232,0.38490816009886664,-0.3466798419184532,-1.695085231067272,0.0067270615667408586,106,4,1
63.424,0.3844085004080051,-0.3461989265390556,-1.5553679948751913,0.007107361537421976,111,4,1
63.616,0.384760538820121,-0.3463555484123121,-1.415255385236722,0.005398157583404042,113,3,1
63.808,0.38127770182885673,-0.3450335867687508,-1.2760163120337702,0.007659783465997138,112,4,1
64.0,0.3809122952741269,-0.3448084470567893,-1.136130174129489,0.008771345071397645,114,3,1
64.19200000000001,0.38712112266249415,-0.3386071168377713,-0.9980399582127921,0.024723496288097117,119,4,1
64.384,0.38624245937032664,-0.33743519937263006,-0.8575620613613507,0.010898419065904146,120,3,1
64.57600000000001,0.38244355122368356,-0.31956513096852557,-0.7072157027537286,0.01723486693649623,117,4,1
64.768,0.3862227037574765,-0.31825566201444533,-0.5496180254963872,0.017570174374736562,117,6,1
64.96000000000001,0.38485472862562686,-0.31375620749505867,-0.39322654842582666,0.016760037106992663,113,6,1
65.152,0.38340706924915646,-0.29646733584468277,-0.24207966422708097,0.020586445632131918,103,4,1
65.34400000000001,0.3774800894443318,-0.28556202401401803,-0.08928531569327748,0.019498563074800173,99,9,1
65.536,0.39552215191108114,-0.29546065169778873,-0.10164429031869018,0.011113853733959797,98,10,1
65.728,0.41349638345270034,-0.30022236855642015,-0.09816613896360196,0.012962392048259419,97,5,1
65.92,0.45191225469892154,-0.30071088496416015,-0.10117414760638575,0.012777268935023314,98,6,1
66.112,0.4733309294924966,-0.30611143021897774,-0.09920565827118619,0.010124332380147894,104,3,1
66.304,0.515115491682176,-0.3054778434870193,-0.10043688672647323,0.010783393209440786,114,7,1
66.496,0.5175863101405779,-0.3067155387201801,-0.20445103159209949,0.008162935267272416,117,6,1
66.688,0.5173348741900504,-0.3060219802479827,-0.3448245682709933,0.007727033976652488,122,4,1
66.88,0.5171001740848064,-0.30491904584383245,-0.4850883291828962,0.007246815378440811,126,3,1
67.072,0.5329026256427793,-0.31787060329449107,-0.48166518075536013,0.009910690623830078,129,5,1
67.264,0.5507806449978085,-0.33036609995698335,-0.4774701338011943,0.011072935307248486,131,5,1
67.456,0.5552938409589221,-0.3305880236770254,-0.5648126076342626,0.00858767962756425,134,6,1
67.648,0.555578187267997,-0.3315484167163727,-0.7044318088499963,0.006392150871568676,137,4,1
67.84,0.5567399703601924,-0.33097728741129245,-0.8445419383340761,0.0064514096590520585,137,3,1
68.032,0.5770297384122008,-0.338541321661141,-0.9924547097628009,0.014488957374492658,137,7,1
68.224,0.5852766413903544,-0.3539806528574855,-1.0407359954187918,0.010075347611936514,138,2,1
68.416,0.5972579258589564,-0.3745040653419293,-1.0352758490534955,0.008267954868129193,138,6,1
68.608,0.6011710030639261,-0.3795763300288291,-1.1390125059642613,0.008624976759392389,139,9,1
68.8,0.6028255444764212,-0.3773809372294485,-1.279647186245242,0.00814527806913818,139,4,1
68.992,0.6028441904179389,-0.3851893743660727,-1.4352734949830137,0.011665206691398812,137,7,1
69.184,0.6040044118182224,-0.3869605202633134,-1.5750655382495289,0.008601894339632031,138,4,1
69.376,0.6040187414038571,-0.404551325571682,-1.570794749296761,0.009139414699166435,138,7,1
69.568,0.6034527610694753,-0.4241297798598518,-1.5657028771847452,0.009900470246796285,138,8,1
69.76,0.601399237202982,-0.44552277609495866,-1.5614979334428778,0.011084139739008434,140,6,1
69.952,0.6033752339529997,-0.4455325542438619,-1.7014485776458785,0.006776375208263903,139,4,1
70.144,0.6019096989900656,-0.46744881101643637,-1.6962583345573996,0.009190024893196298,142,7,1
70.336,0.5986111053897417,-0.4967454324284361,-1.6962656253390096,0.010905507750925447,145,2,1
70.528,0.5941832694008621,-0.5249625373615299,-1.6955123159733205,0.009081833053276275,143,2,1
70.72,0.5902120589935206,-0.5525515723918191,-1.6938366398385278,0.007993901129841222,142,3,1
70.912,0.5873016295814557,-0.5805517056636659,-1.6937406175986252,0.0067179310716961585,137,2,1
71.104,0.5827697306057924,-0.6094732482395605,-1.6932226370991375,0.007093702416197395,137,2,1
71.296,0.5792974383634991,-0.6351040153879429,-1.691711334535071,0.006687880765991569,137,5,1
71.488,0.5766385381691801,-0.6635008991919706,-1.6917987723862569,0.006572363136834683,137,2,1
71.68,0.5724590675231513,-0.696540511940303,-1.6919970791312076,0.007238665304846252,133,4,1
71.872,0.568835265575503,-0.7253701153114099,-1.691955825245512,0.007300610841715183,131,2,1
72.06400000000001,0.5665504364390956,-0.7512832384855024,-1.6911583589532657,0.00700724638508085,130,4,1
72.256,0.5613695175596601,-0.7783007599697396,-1.6904401412876495,0.006989017250214648,129,3,1
72.44800000000001,0.5584682654160416,-0.8074724595356948,-1.689551869176169,0.007971927989992248,130,2,1
72.64,0.5567746412570987,-0.826869999668699,-1.7391746468969764,0.007258708104294265,132,4,1
72.83200000000001,0.5554204609456348,-0.8310839634650531,-1.878774834633506,0.00646798100952267,131,4,1
73.024,0.5547745837651359,-0.8322411390568906,-2.018269289936201,0.006971480827874195,131,4,1
73.21600000000001,0.5433323386243594,-0.84529048758481,-2.1152784641518325,0.010311550491722239,131,5,1
73.408,0.5311765180294273,-0.8689844885438345,-2.1151975336239004,0.01088245238226442,131,2,1
73.60000000000001,0.5166661087734501,-0.8948640339489897,-2.114986067044285,0.009948639884726617,133,2,1
73.792,0.5062163709020849,-0.9110959845649071,-2.1628386417471743,0.00966308730618135,133,2,1
73.984,0.49232940812965936,-0.9363389942882757,-2.1613461606731454,0.007539637024431768,133,4,1
74.176,0.475280646177598,-0.9603854676196255,-2.1611788530215748,0.007454504111803399,133,2,1
74.368,0.46782605893014245,-0.9709355696854759,-2.260694916495102,0.006832382484349205,134,6,1
74.56,0.4666648886084911,-0.9765389386931161,-2.399777222715085,0.007366114096589411,133,5,1
74.752,0.4638680974306859,-0.9789779606297669,-2.539211851109542,0.0072545793374135985,132,4,1
74.944,0.4451537988146005,-0.9935725494078425,-2.5345222963547442,0.00930429969616417,132,9,1
75.136,0.420044360337952,-1.0093109428166434,-2.5349678349806357,0.009758955407666896,133,2,1
75.328,0.40060564709158314,-1.0288123884556006,-2.5327946545643707,0.007823545770914982,131,6,1
75.52,0.3859270303948252,-1.0392516231923146,-2.582637373822949,0.009928296422634948,134,3,1
75.712,0.3836471239523292,-1.040760405057161,-2.722090845191805,0.007676362115061385,133,4,1
75.904,0.3811919070292901,-1.0447631248760179,-2.8615998578501793,0.007713691949540009,133,3,1
76.096,0.3778053970943729,-1.0529357785450322,-3.0007312902163386,0.01124921681492125,133,4,1
76.288,0.3747127591684176,-1.056046866482493,-3.139422147796952,0.009434590116175092,133,4,1
76.48,0.3448186739686171,-1.0609304002188649,3.1019686378634646,0.013635718329484707,135,5,1
76.672,0.3238706245000368,-1.0582295446231011,3.1009474695048107,0.007855731348054382,134,6,1
76.864,0.29098847411973877,-1.0581383632378005,3.1017205002834705,0.009913945794116558,135,4,1
77.056,0.2930107974050923,-1.0600997651789865,2.959316260490175,0.009418126839867725,133,3,1
77.248,0.274713262631913,-1.060584003709702,2.914886229850259,0.009574995937991918,135,6,1
77.44,0.24445488741731974,-1.0530370771497648,2.9156482116855855,0.007529605618826366,136,3,1
77.632,0.21404616813701818,-1.046241211960824,2.915877590478966,0.006734678853741063,138,3,1
77.824,0.1857227644366649,-1.0397747101266583,2.9164394056148835,0.007899821696044076,140,2,1
78.016,0.1570295185222885,-1.0335035153733534,2.915864900853201,0.00680163127557989,140,2,1
78.208,0.12937454217758795,-1.0277046866832351,2.9146484337208545,0.006225742439579253,140,3,1
78.4,0.10100172940021723,-1.0203292773046178,2.9146912490699597,0.006714715008571836,140,2,1
78.592,0.07266902834288688,-1.0140861751551657,2.914236399160295,0.007116068839902885,138,2,1
78.784,0.04388434268851404,-1.0078725973213294,2.9141159141224398,0.006523415782563431,139,2,1
78.976,0.017458342713488458,-1.0012413012178996,2.913886475634841,0.006995610149507491,139,2,1
79.168,-0.01126662786797672,-0.9946138474088747,2.912772236699087,0.006433443846570182,137,3,1
79.36,-0.03982300326400366,-0.9871205076837207,2.9133282886000793,0.0070198705664543965,137,2,1
79.552,-0.0676032085809157,-0.9798723460877553,2.9130076503174944,0.007153498927408253,134,2,1
79.744,-0.09598060796740532,-0.9736315277754364,2.9123958132871146,0.0069374182779249685,133,2,1
79.936,-0.12376177127139636,-0.9665838647982401,2.911332003862213,0.006458479215040009,134,3,1
80.128,-0.1511888377837476,-0.9601026244292667,2.9110886841866592,0.006512949626649442,133,2,1
80.32000000000001,-0.1797868795519992,-0.9531552561081665,2.9102947267254,0.0067580784878472884,132,2,1
80.512,-0.20663969900637577,-0.9459627386839311,2.910052255762679,0.006632031432783188,132,2,1
80.70400000000001,-0.21042963207796084,-0.9460258341612222,2.7701466113797255,0.005967736657075013,133,4,1
80.896,-0.21352329282230104,-0.947177410868937,2.6300050347064543,0.0065024764761119755,132,3,1
81.08800000000001,-0.2174237309690314,-0.9477781581815993,2.4912820169576992,0.008015299650099153,132,4,1
81.28,-0.238202787236634,-0.946857224101945,2.452807639893182,0.009593067579810276,132,9,1
81.47200000000001,-0.258258202077041,-0.9278730950939568,2.4560858217827195,0.008649766682988145,132,5,1
81.664,-0.2789982727885696,-0.9089656911470357,2.4564466029248857,0.008177584385237672,131,2,1
81.85600000000001,-0.3009953751282004,-0.892885386339769,2.457841535796018,0.008550872587313841,131,3,1
82.048,-0.322910704575649,-0.876184978618344,2.458280883327779,0.007458886579392266,131,2,1
82.24,-0.34479209696117363,-0.8573557882361806,2.4604629526772204,0.006810735238861511,130,5,1
82.432,-0.36677748328601034,-0.842045903911216,2.46055831202003,0.007774056222397785,129,3,1
82.624,-0.389521481926801,-0.8239197613841343,2.4608759427557363,0.008240544463965483,130,2,1
82.816,-0.41205439342119976,-0.8061820000915951,2.4617227307771063,0.008198080321467661,130,2,1
83.008,-0.4320009577143222,-0.7878330878980263,2.46387575411971,0.007536794691380908,131,5,1
83.2,-0.4553919064084318,-0.7705986446196681,2.464933980994745,0.007440606459819672,131,3,1
83.392,-0.4778947891941764,-0.752991733443847,2.4656265424219597,0.007990781241533964,131,2,1
83.584,-0.49970374193818184,-0.7350454082886637,2.467459102678366,0.007328332952179984,131,4,1
83.776,-0.513409808626014,-0.7212203824555633,2.514082949648742,0.00734434649543755,131,3,1
83.968,-0.5097229072339151,-0.7198228078131381,2.6539322624988486,0.006802283351360843,131,4,1
84.16,-0.534699603093648,-0.7048372951973365,2.653956052738391,0.007952983052608359,130,2,1
84.352,-0.5573450512275524,-0.691572982686083,2.6541362244664874,0.006789996589047256,129,4,1
84.544,-0.5828534052165387,-0.6804495656980146,2.6552031732514907,0.008028318372334718,129,3,1
84.736,-0.6060948782918074,-0.6661418532262825,2.657555396539976,0.006637948328168198,128,4,1
84.928,-0.6306144464584837,-0.6523370818856374,2.6585632295847708,0.006965940254135931,128,3,1
85.12,-0.6551839199481075,-0.6398540292496674,2.6593641490078435,0.007541678235788206,127,3,1
85.312,-0.6788817708825358,-0.626566076346219,2.6606350265545964,0.007607470883829721,130,3,1
85.504,-0.7058706007854392,-0.6131822724007308,2.6606721023241766,0.007074716435463892,130,2,1
85.696,-0.7313416395461217,-0.601211192118064,2.6611380969023553,0.0068697364627034905,130,2,1
85.888,-0.7572492304257876,-0.5875777995618612,2.6617299089431623,0.007656412129010449,130,2,1
86.08,-0.7833459131721537,-0.5738360571718697,2.661590674966153,0.0067459965410262,129,2,1
86.272,-0.8080966755443172,-0.5598990145641443,2.6617522603472015,0.00608630028326306,125,2,1
86.464,-0.8337928431413398,-0.5467386079469467,2.662160089673107,0.006812294258183521,123,2,1
86.656,-0.8598721355499257,-0.5336184128653295,2.6622636315377224,0.006308233060594697,124,2,1
86.848,-0.8856044418100519,-0.5204572219466611,2.6623504043831385,0.006292023635803423,124,2,1
87.04,-0.9105029973939361,-0.5071894270676399,2.662629087954089,0.00623655096161656,122,2,1
87.232,-0.9358646963983822,-0.49281388670832077,2.663210658102462,0.006850949169096104,123,2,1
87.424,-0.9613133735392433,-0.47984636615976795,2.6632487628109707,0.006242957332473278,123,2,1
87.616,-0.9862622225048558,-0.466319754416013,2.6634892357756597,0.0062484126042746755,124,2,1
87.808,-1.0109915548520758,-0.45301844522690654,2.663914917377423,0.006042868265661698,123,2,1
88.0,-1.0371878854207643,-0.440632075017105,2.6643107848861,0.006245359213125436,124,2,1
88.19200000000001,-1.0633458650648862,-0.42770007455869036,2.664513738808833,0.005905192922279923,124,2,1
88.384,-1.0890548691341073,-0.4142670383105547,2.664839607288193,0.00667545214507328,125,2,1
88.57600000000001,-1.114581524246115,-0.40164626562911765,2.665151611002457,0.006446843651542728,125,2,1
88.768,-1.1402859176278326,-0.388560299073296,2.664175737984795,0.007025991632376208,127,2,1
88.96000000000001,-1.1661063889208156,-0.37507201965263326,2.6648172169726934,0.00711570476067512,128,2,1
89.152,-1.1921809191357275,-0.362980809102618,2.664589446506812,0.006006601307283716,127,2,1
89.34400000000001,-1.2181922953024125,-0.34899730813572594,2.6654029901107035,0.0065473873347583166,129,2,1
89.536,-1.2429529685111067,-0.33754546897339904,2.6673860120987336,0.006171081118148941,131,4,1
89.72800000000001,-1.2679743044625027,-0.3259298461142258,2.6680947445626906,0.006165478142838664,131,3,1
89.92,-1.2943670846405881,-0.31181871209166745,2.668269426426163,0.006569172771040257,134,2,1
90.112,-1.3202078259908832,-0.298319497872509,2.6680275307579873,0.006192913419892794,133,2,1
90.304,-1.345749533231892,-0.28562152467210095,2.6671105263152226,0.007113250256978875,131,2,1
90.496,-1.3712559419296464,-0.27202291965884956,2.666346934321944,0.006385981200662839,132,2,1
90.688,-1.3972405730999478,-0.25878131450411934,2.665694241893074,0.006098059890197457,132,2,1
90.88,-1.4246276574447643,-0.24474189252137837,2.6648003926422357,0.005915727901908352,131,3,1
91.072,-1.449855158395117,-0.23193810961743755,2.6643563404174992,0.006128242160117516,131,2,1
91.264,-1.449126749367866,-0.23211434012829762,2.5223550361230704,0.0092384659752973,131,3,1
91.456,-1.454210328961556,-0.23174663428733874,2.3854568029027137,0.008468373817584003,131,5,1
91.648,-1.4692118449256726,-0.21739815811038715,2.344606748883718,0.007892031035493036,131,6,1
91.84,-1.4867427164992009,-0.19606496054601857,2.343820729463464,0.007231710816212789,130,4,1
92.032,-1.5097847290144089,-0.17552143166362863,2.3462182627852375,0.006456425163586762,129,5,1
92.224,-1.5299207778265556,-0.1548345686520908,2.3466519053658708,0.0067621653687367205,131,2,1
92.416,-1.5495952086121154,-0.13362391537585155,2.3469177615959076,0.007295256260089404,132,2,1
92.608,-1.5697574220522386,-0.1129324822734578,2.346766935940115,0.006669450731341839,131,2,1
92.8,-1.5886726585397766,-0.0934309748714817,2.3469686068365614,0.006386292459935366,131,2,1
92.992,-1.6087651910414051,-0.07361506018434752,2.3465408894843933,0.0056144869033439015,131,2,1
93.184,-1.6286845874014932,-0.052433166188034765,2.3466598956166527,0.006117376667596545,131,2,1
93.376,-1.6487227578173653,-0.03303325325540497,2.346281666504089,0.0058279229953727705,131,2,1
93.568,-1.6692973470738415,-0.011605172827663752,2.347180930186941,0.006251728652736844,130,2,1
93.76,-1.6890686342665993,0.008907378210478174,2.3473265450495657,0.006014547095680064,130,2,1
93.952,-1.6910318234328636,0.009898926257581101,2.2076737963629967,0.006189147968282731,129,5,1
94.144,-1.6925350402723605,0.010062533988956823,2.0673584517484627,0.006883825212738566,129,4,1
94.336,-1.69435747703608,0.013756489061847753,1.9282557333827748,0.006453984080083739,130,4,1
94.528,-1.6965244230807788,0.017421161394785955,1.7883429410475864,0.009543301133819961,130,3,1
94.72,-1.7151885600743353,0.041676308950101326,1.743106998888286,0.011815078268933936,129,7,1
94.912,-1.7195862569134452,0.06837247047428145,1.7434189604130899,0.011548852281083332,130,2,1
95.104,-1.7250652740978794,0.09665089175746014,1.7442508158782009,0.008499257714297907,131,2,1
95.296,-1.7286669864176527,0.11001743211606359,1.7023797398409228,0.008861424733384535,131,9,1
95.488,-1.7304010477519238,0.12053900462237807,1.605841231313132,0.007971444797451342,131,2,1
95.68,-1.7312178171964117,0.13615518956676875,1.5096272823360335,0.008739172143427773,131,4,1
95.872,-1.7300095177791162,0.16396407034328975,1.5092724331325778,0.00731065403736324,131,2,1
96.06400000000001,-1.7324994077724893,0.17945897782297685,1.4149222849953615,0.008041041307653866,131,5,1
96.256,-1.7329668000091667,0.18371285690681258,1.2759152441090236,0.00838822528059162,131,4,1
96.44800000000001,-1.7354288532526492,0.1855509893421094,1.1362215457167273,0.008745473951222929,131,4,1
96.64,-1.7261317783036054,0.2149978623693596,1.137591523412414,0.008887720799074732,131,3,1
96.83200000000001,-1.7127706905168474,0.2408252348485823,1.1401602075271715,0.008033842013176069,131,3,1
97.024,-1.7013904436086504,0.2674531642120019,1.1405904272304317,0.009113293237934323,132,2,1
97.21600000000001,-1.6896995065279783,0.29336963083363526,1.1405081133027588,0.007855784491600197,135,2,1
97.408,-1.6778830182129922,0.31969853116605745,1.1405590742705451,0.006983806431759213,136,2,1
97.60000000000001,-1.6663590855931616,0.34570782907802067,1.1407511564630648,0.007387793606688936,136,2,1
97.792,-1.6532275292383398,0.3717055347994072,1.140608149298329,0.0064354295326760754,137,2,1
97.98400000000001,-1.6406508370574724,0.3969489532909369,1.140315255555877,0.005562512642030108,135,2,1
98.176,-1.639123694571621,0.40699685940637087,1.0450820484578847,0.007442679281356527,134,3,1
98.368,-1.6421663359817118,0.41451584874779335,0.9059482590791851,0.00819395110793379,134,4,1
98.56,-1.6412677326381109,0.4246673085684526,0.7698904395865555,0.00943196124099651,134,6,1
98.752,-1.6229401088164057,0.4461229504304303,0.7725385345021313,0.008176345368512873,132,3,1
98.944,-1.6031617436808074,0.4586998111689986,0.7761771064707502,0.006887184102939216,132,10,1
99.136,-1.583679955391823,0.4791804626277429,0.7776576202531154,0.007806122003716096,131,3,1
99.328,-1.562818287783959,0.49778683188417205,0.7777244270088343,0.0065337399309780084,131,2,1
99.52,-1.5419536518176453,0.5173162337621344,0.777249977549325,0.0075332214912007195,130,2,1
99.712,-1.5293091888524444,0.5330496651418882,0.7287395381179508,0.008727394568580944,131,3,1
99.904,-1.5261446211534901,0.541020294503817,0.5925460048141353,0.007030481368927353,131,6,1
100.096,-1.5180627932324562,0.5505724184522699,0.49760285561738,0.008118019211299359,132,4,1
100.288,-1.4956584200144116,0.5628294975018072,0.5022338485151082,0.007768871306950222,133,8,1
100.48,-1.4665477406599507,0.5782742418509484,0.5021021536865817,0.007553606836806264,133,4,1
100.672,-1.443006747521083,0.590907748292409,0.5028315035975293,0.007101060157886274,133,3,1
100.864,-1.4262548173950176,0.6000626858297365,0.4543150000514277,0.007122746924719142,133,2,1
101.056,-1.4257348775585263,0.6039291860432554,0.3148486644656062,0.006534561448470451,133,4,1
101.248,-1.4251529673539471,0.6110441670027331,0.1756025791108261,0.008318787561315327,132,4,1
101.44,-1.402963128649467,0.623649938803755,0.12304641051061116,0.009002909754360362,131,7,1
101.632,-1.3766056001563345,0.6272258482017529,0.1295645981234548,0.007799303804258912,131,8,1
101.824,-1.3491583510338558,0.6257533036862286,0.13735299472966844,0.006828172857091791,131,8,1
102.016,-1.3204996648001517,0.6325450168156883,0.1314023910214772,0.008605068386093671,131,8,1
102.208,-1.2915076972352173,0.6357118829281609,0.13368849080948067,0.0067358293208298805,130,4,1
102.4,-1.2607378101121365,0.640825475913016,0.12925500810362675,0.006800484494229056,129,5,1
102.592,-1.2335645427195072,0.644896121717026,0.12868933454279494,0.008337723692943614,127,2,1
102.784,-1.2042046772915698,0.6489853452226068,0.12854370004431204,0.008086743312113896,128,2,1
102.976,-1.1755399792525045,0.651847336044821,0.1284203603708147,0.0068401040941129445,127,2,1
103.168,-1.1455777119287422,0.6556861650141641,0.12869443776593897,0.0072337135202717616,126,2,1
103.36,-1.1174364272811574,0.6581819099324772,0.1289033393066596,0.00710005914325323,125,2,1
103.552,-1.088539836782407,0.6620573955302955,0.1300924424658791,0.006780886626557027,127,3,1
103.744,-1.0793315720271894,0.6626630656833506,0.13358820773373187,0.005447077287654495,127,8,1
103.936,-1.097975271163797,0.6599157734993787,0.13303715010469128,0.006585366768641867,127,2,1
104.128,-1.0703179873694006,0.6641773232291953,0.1337628020620207,0.006113490321791578,126,2,1
104.32000000000001,-1.091604726246228,0.662153159409882,0.13350832263812182,0.004915917477193707,127,3,1
104.512,-1.1068679887248185,0.6633280365113282,0.12912996446728078,0.004684513596678326,126,8,1
104.70400000000001,-1.089572943089508,0.6615569970252456,0.13005181285705583,0.003519107259547872,127,5,1
104.896,-1.069929062192905,0.6641894655498535,0.13394159904804256,0.005772681688269077,127,5,1
105.08800000000001,-1.0444698396840706,0.6640673236478342,0.14118200488148835,0.007980227427916953,128,7,1
105.28,-1.021427223609065,0.6649167076691935,0.18595588381142417,0.006742460025959896,125,6,1
105.47200000000001,-1.0225477731047374,0.6613233431286812,0.3240207919078657,0.007357208493225743,127,5,1
105.664,-1.0226435518016057,0.658280301999198,0.46404409969845567,0.008389508542511201,128,3,1
105.85600000000001,-1.0021284301440587,0.6664202418568399,0.4696452557644657,0.009801966790077101,125,9,1
106.048,-0.980761364875356,0.6774166638441473,0.47227390575520056,0.010864996356413121,131,5,1
106.24000000000001,-0.9553714781970426,0.6926313444217904,0.4741450519774975,0.010302416001605743,131,3,1
106.432,-0.9360364745692964,0.6882854351905855,0.5638786615574669,0.0119096347986611,131,9,1
106.624,-0.9359403113318546,0.6849440198846188,0.7031970536384698,0.009048998490686893,129,4,1
106.816,-0.9397320576358493,0.6945251469150067,0.7929673125095164,0.011534637726155254,130,6,1
107.008,-0.9148848380218985,0.7142038513962985,0.7921087621913278,0.009458618622814054,131,4,1
107.2,-0.894005504536622,0.7352067169566906,0.7907122684593149,0.007995258638414543,130,4,1
107.392,-0.8713946479073403,0.7557480250428134,0.7901224789250152,0.007002685586652132,129,3,1
107.584,-0.8510676843728513,0.7758588548200511,0.7898114308992581,0.008384864595592446,130,2,1
107.776,-0.8307333762416447,0.7960234978166468,0.789981975731178,0.008161774006006673,129,2,1
107.968,-0.8099778997940725,0.8162781130658234,0.7905824567697239,0.006627453411209668,129,2,1
108.16,-0.7891403342574583,0.8356408454219044,0.7904677237194657,0.006786608836004178,130,2,1
108.352,-0.7690818614046959,0.8560421646571418,0.7898882585491088,0.007494668666207492,128,2,1
108.544,-0.7487584720512707,0.8763901025429768,0.7892380531844075,0.00736635532543838,127,2,1
108.736,-0.7291610070573368,0.8961999009196261,0.7899333672281017,0.00804378536049877,126,2,1
108.928,-0.7090006583689423,0.915224622945397,0.7902466913986641,0.0068687967852324346,125,2,1
109.12,-0.6893531388894448,0.9354720472283616,0.7907366054202495,0.007359033166877814,125,2,1
109.312,-0.6690399340536096,0.9542678151631115,0.790996430551202,0.006458335093513418,127,2,1
109.504,-0.6475919494459828,0.9746625679335845,0.7907993211768495,0.007103651323884761,128,2,1
109.696,-0.6264697817513006,0.9940286330077855,0.7916907652422827,0.0067806999365321455,129,3,1
109.888,-0.6067082827278077,1.0133099193134725,0.7919435562825962,0.007299920983690094,129,2,1
110.08,-0.5873715490965825,1.0339291526101506,0.7917533893824569,0.007190207778261855,129,2,1
110.272,-0.5667328705274759,1.0544214165960064,0.7920751166288311,0.007384866979597177,131,2,1
110.464,-0.5457514733034479,1.0733684727133388,0.7936224245465844,0.007131791066096843,131,4,1
110.656,-0.5267254753995025,1.0922784821864675,0.7931785211137675,0.007314073946437296,132,2,1
110.848,-0.5059371551950411,1.112896363509402,0.793511049044342,0.007594897420881102,131,2,1
111.04,-0.48474931477343236,1.1331455331391642,0.7939189517638773,0.006712576717995655,135,2,1
111.232,-0.46436422566736707,1.153867946237805,0.7937071191020028,0.007664830471837983,135,2,1
111.424,-0.44363524929802056,1.1740919702841452,0.7938820399580099,0.007141198371200221,137,2,1
111.616,-0.42348374130581656,1.1942238200090673,0.7933626535636501,0.006974167006831361,137,2,1
111.808,-0.40173933042301785,1.214653298863014,0.7941742172031528,0.007028816966421371,138,3,1
112.0,-0.38145036957316647,1.2358057348415459,0.7946085407198892,0.007402008690098962,138,2,1
112.19200000000001,-0.3615240360441203,1.2557399970183283,0.7947699139844056,0.007462651505823755,138,2,1
112.384,-0.3415559843188885,1.275518079113944,0.7951964588764241,0.007124643704778422,138,2,1
112.57600000000001,-0.32083426333529536,1.296314510367008,0.7948839705904356,0.007247333340268835,137,2,1
112.768,-0.31531285590039393,1.303453886162096,0.8906890227231605,0.008812539805350468,137,2,1
112.96000000000001,-0.30153057008760104,1.3171752949111621,0.9344413695537976,0.008199439900265863,138,7,1
113.152,-0.28235719470277426,1.3396878637288228,0.9344809112496297,0.0074330721855771055,137,2,1
113.34400000000001,-0.2655025522130568,1.362149366571569,0.9337330797215971,0.00682651273265379,138,2,1
113.536,-0.24865590193914455,1.386569454836346,0.9342967777509416,0.006383979657984003,137,2,1
113.72800000000001,-0.23141100717248286,1.4103896297772847,0.9330818096917249,0.006556265358590381,135,3,1
113.92,-0.21475702807146824,1.434404591023274,0.9328301068244862,0.0076320483138161066,135,2,1
114.11200000000001,-0.19712454704123478,1.4573680596358143,0.9331738501697369,0.007258202690826227,135,2,1
114.304,-0.1788861613461114,1.4811918500397667,0.9337452982455733,0.0062123192272490295,133,2,1
114.49600000000001,-0.16129597470254473,1.506159576960885,0.9330414643040137,0.007528101065098923,131,3,1
114.688,-0.1444077827670367,1.5270803570559812,0.9321437968335112,0.007772582047908819,131,3,1
114.88,-0.12720761172436584,1.5513828792975586,0.9319599884512528,0.007242843925388875,130,2,1
115.072,-0.10807072478501802,1.575390009353315,0.9329438381575788,0.007881211438110427,131,3,1
115.264,-0.08983971228978131,1.59783384254979,0.9321329378253297,0.00722828947830076,130,2,1
115.456,-0.0722373480659146,1.620432436278346,0.9316682612937938,0.006531471839302285,129,2,1
115.648,-0.054518203961049776,1.6444246568129006,0.9315992705188728,0.006653564061494976,130,2,1
115.84,-0.03689133327217387,1.6671914829243757,0.9318700456313379,0.00610176948581894,129,2,1
116.032,-0.019441767570723644,1.690542233690795,0.9311212106774909,0.006114181485498452,127,2,1
116.224,-0.008979952483787353,1.6948149084241546,0.7849514103543254,0.009300769667485751,128,9,1
116.416,0.007417879966351932,1.710671509586854,0.7374397187744345,0.011440069665405913,128,3,1
116.608,0.02492905860519625,1.725929311047383,0.7417812708387024,0.007745172364526643,128,7,1
116.8,0.033601427965505797,1.7406933674980627,0.6964680026320502,0.007088650424031468,128,5,1
116.992,0.03969071229949245,1.7468388993742037,0.5544253244963374,0.008621155976666265,128,5,1
117.184,0.03866927889829321,1.744718219013416,0.41928929543743826,0.010426035134763414,128,7,1
117.376,0.06052243966998072,1.7582478409640645,0.3767481953795905,0.008392666265930616,127,6,1
117.568,0.08490792725071117,1.7654514511739507,0.38050365141000875,0.006967085383251077,126,5,1
117.76,0.08485451767716559,1.7688714906066243,0.2410628326997964,0.007117250213069488,126,5,1
117.952,0.08952006140084823,1.7689827907416151,0.10252790559290055,0.007286562513780121,127,5,1
118.144,0.10850860982423874,1.7773351157127173,0.013513473646619038,0.009085389961825396,125,11,1
118.336,0.13720784836056915,1.7762208676229965,0.012876080226914307,0.008689220211156954,125,2,1
118.528,0.16534923701880228,1.774305835143381,0.01452017946676559,0.007419245796380443,125,4,1
118.72,0.17667388042786777,1.7790913831829236,-0.08274827799067332,0.00842677870286903,124,4,1
118.912,0.19603412409339685,1.7786594881635904,-0.17285342033579534,0.009126721947010263,123,9,1
119.104,0.22315483532067729,1.773649368266597,-0.17342808666279894,0.008536243866182427,123,2,1
119.296,0.2510249872773267,1.7697381746134588,-0.17384978347630892,0.00765956895756088,123,2,1
119.488,0.263780748939194,1.7697004122788904,-0.2690890864387413,0.007218133715006139,125,4,1
119.68,0.2790087701685025,1.7689201357386588,-0.3610539349587376,0.00903210452071972,123,5,1
119.872,0.3066647839343854,1.7586246759432569,-0.3605164186024743,0.008357017583706406,124,2,1
120.06400000000001,0.3343285831770532,1.7484684302494746,-0.36064896064717855,0.008210912551738232,125,2,1
120.256,0.36025320163479413,1.7392682389998853,-0.3607936393309901,0.007083978727604235,125,2,1
120.44800000000001,0.3860465761654581,1.7281034912567967,-0.35968803735022736,0.006514003593874622,126,3,1
120.64,0.41351011473347715,1.7185826801873534,-0.3600824557674425,0.00597179935661984,126,2,1
120.83200000000001,0.43826576278902807,1.7075833133794394,-0.35931903037619967,0.006710270685176852,126,4,1
121.024,0.4654367626306171,1.698061705342357,-0.358765165894275,0.00707277464221327,126,2,1
121.21600000000001,0.492590366765171,1.6886460367795078,-0.3589460191116549,0.006971809705453519,126,2,1
121.408,0.5178865028512696,1.6786455602473629,-0.35867863189448684,0.006771344396140683,126,2,1
121.60000000000001,0.5453583338817874,1.6677233832435066,-0.35839965985467076,0.006353201545548208,127,2,1
121.792,0.5721249793971753,1.6564183643024917,-0.35829152328762126,0.006739042088885587,127,2,1
121.98400000000001,0.5989395199170452,1.6456448556647807,-0.3585380707822799,0.006144265720919772,127,2,1
122.176,0.6259426954777998,1.636761678763947,-0.35848352161834607,0.007056352774014344,128,2,1
122.36800000000001,0.6512474057218475,1.6265879049049012,-0.35827212529910235,0.006017698398076761,127,2,1
122.56,0.6779163471205791,1.617410299996198,-0.3580539363789182,0.007051142350758079,125,2,1
122.75200000000001,0.7042481916538114,1.607800751480698,-0.3583463298824751,0.006489295439529898,125,2,1
122.944,0.7296780645713395,1.5968845947493235,-0.3583353804347264,0.005913375597332575,125,2,1
123.136,0.7461640604471772,1.5958133041011262,-0.45118504371402335,0.006211700572212915,125,6,1
123.328,0.7632213822004027,1.587354806087686,-0.49929942089635365,0.007757367997652024,125,2,1
123.52,0.7879476351894109,1.5732557511754808,-0.49902766577194124,0.007085541575340914,123,2,1
123.712,0.8126690643237593,1.5600850353029267,-0.49877756921835487,0.00746248985976662,124,2,1
123.904,0.8154979683867156,1.5614225807146034,-0.6389832267960612,0.0068126870980633825,123,4,1
124.096,0.8230645052626089,1.5617932748994354,-0.7774782441523148,0.009501649007276947,124,5,1
124.288,0.8273087245750932,1.560232294297909,-0.9167824035484003,0.008810588380023675,123,4,1
124.48,0.8484628380976176,1.5401637951190397,-0.9150056864520889,0.008573609914392495,122,4,1
124.672,0.8651161245969908,1.5313840772081118,-1.0136598794406628,0.010323709695062156,121,8,1
124.864,0.8711070380098938,1.5292478564208034,-1.152107350413087,0.008858247005871027,123,5,1
125.056,0.877094711402037,1.5202494803853022,-1.2851833048873094,0.009836284988288783,121,8,1
125.248,0.8754320263000456,1.5031168113421622,-1.276354387880721,0.00708882110090539,123,11,1
125.44,0.8808978092295086,1.4758125021946928,-1.2682382251252051,0.007747242752414178,121,10,1
125.632,0.8917170480904814,1.4496986729090862,-1.2686655129652118,0.007358155906493914,122,3,1
125.824,0.9004382695589771,1.4247982488809738,-1.2689271045265627,0.006697456015599625,120,3,1
126.016,0.9089937750759363,1.3975216311130958,-1.2695164696712493,0.007329320231985889,120,2,1
126.208,0.9159859716758929,1.374741548601155,-1.27112706346873,0.007823146424658029,121,5,1
126.4,0.9258350264991052,1.344165855890211,-1.270592668669295,0.007415223412516276,121,3,1
126.592,0.9337509218574194,1.317578272890657,-1.269988637479829,0.007667287635343464,119,2,1
126.784,0.9426523309969957,1.2895153094008065,-1.269520823798707,0.006451552593823983,121,2,1
126.976,0.9508268886476787,1.2622411426612243,-1.2693940526508993,0.006475728342547069,120,2,1
127.168,0.9591347295835502,1.235790104890632,-1.2697508816996326,0.006190186095807125,120,2,1
127.36,0.9678171332308805,1.2092895897765958,-1.2699607884268216,0.006775561470042196,120,2,1
127.552,0.9767520410892099,1.1810552322489578,-1.2695918584955226,0.006323350115238529,120,2,1
127.744,0.9829871607068214,1.16192348742835,-1.317379316850655,0.006230773616949472,120,2,1
127.936,0.9895759642237664,1.1597404661466364,-1.456008365710065,0.006235350029903073,119,4,1
128.12800000000001,0.9943335451359947,1.1566026776702951,-1.5957868429448057,0.009768967443294228,119,3,1
128.32,0.9981348535251799,1.1270107635908129,-1.5888120208763128,0.00899133027752479,120,7,1
128.512,0.999421930266122,1.098455837286284,-1.5889414573563942,0.009728821574096588,123,2,1
128.704,0.9980856130437329,1.0697864715059935,-1.5867429679572735,0.006914722488885556,123,4,1
128.89600000000002,0.9974408419304341,1.0412366119464582,-1.5866438728018282,0.007220596243965731,123,2,1
129.088,0.9962935984984451,1.0137005389047942,-1.5855403576077833,0.007616651259504311,125,3,1
129.28,0.9993918373725669,0.9815261396702668,-1.5853466546878148,0.007386830041977644,126,5,1
129.472,0.9974525979103935,0.9530689254558078,-1.5839240751157193,0.006607758966319374,129,4,1
129.66400000000002,0.9985346938385717,0.9237882863527623,-1.582674109273015,0.0076980745176323815,129,3,1
129.856,1.0011790906336515,0.9245654148967866,-1.722444118582479,0.0063429575671235675,129,5,1
130.048,1.004299982666074,0.9223124195198149,-1.8626441470528343,0.0075178371220579404,128,4,1
130.24,1.0021578750553832,0.9026519376004837,-1.903082947211022,0.00763598989359664,128,6,1
130.43200000000002,0.9949151482176445,0.8740775674713678,-1.9010217263928244,0.008350906498163242,129,3,1
130.624,0.9866708594776,0.846124340607849,-1.9001424198297745,0.008731520278827737,130,2,1
130.816,0.9768770741700892,0.8211651624655463,-1.8946137756622452,0.006968979404175302,131,8,1
131.008,0.9677721889177345,0.7949365785107847,-1.8946235793880444,0.008288721001865878,131,2,1
131.2,0.9590760935501537,0.7683094291317256,-1.8927007414499386,0.007250086849560659,132,4,1
131.392,0.9518881409727191,0.7453157867217924,-1.8907265785576177,0.00760797648797934,132,5,1
131.584,0.9429111888921428,0.7197409200858867,-1.8885181444044097,0.008026664814218305,131,4,1
131.776,0.9322097318758482,0.6934763611875874,-1.8835898996225113,0.008720634111601979,132,7,1
131.968,0.9264577579324736,0.6742819241034032,-1.9337621687881632,0.007903840250074935,132,4,1
132.16,0.9319167258378821,0.6707214366399128,-2.075532110512968,0.009222269966359106,131,4,1
132.352,0.9320807320074134,0.6653687275950264,-2.214631010142094,0.00868088433690316,131,5,1
132.544,0.9237184271936478,0.6452428452667824,-2.313092920668212,0.010850585798984957,132,5,1
132.736,0.9119101029111389,0.6208220821405793,-2.307580806214211,0.008670169005548733,131,6,1
132.928,0.9003056302224656,0.6121223883331488,-2.3048317459480097,0.008273624694003136,131,9,1
133.12,0.8924214323240113,0.5950680027066105,-2.4033214095584965,0.007956393901620533,132,6,1
133.312,0.8938237412802876,0.5924323852274701,-2.5428716536382305,0.007713165398537276,131,4,1
133.504,0.8951294410364138,0.5884368657590664,-2.682640996692442,0.008434111995041864,131,3,1
133.696,0.8959662124734403,0.5757606569028151,-2.820796780651717,0.013915049039303278,131,4,1
133.888,0.8879651435577713,0.5774598456585548,-2.8575739006517082,0.009122629199178256,132,17,1
134.08,0.8624331398525688,0.5769496398334241,-2.850361791241496,0.007271186003200852,133,9,1
134.272,0.8371682410980044,0.5723192455035593,-2.8417437111602806,0.006937202244298671,132,8,1
134.464,0.8111940507696147,0.5654486913466645,-2.833621694055378,0.007910031871702876,133,8,1
134.656,0.7853576981936762,0.5644061376564697,-2.8262727667668277,0.008217623832712476,132,7,1
134.848,0.7703286325238878,0.5587030708799066,-2.8248962048108535,0.012413608339098185,132,7,1
135.04,0.7414216157825185,0.555681908084839,-2.8166698014189007,0.007712530369606569,132,8,1
135.232,0.7142925283639998,0.5514473018239966,-2.808629296175432,0.008543693120378646,131,7,1
135.424,0.6969448239818896,0.5484053636656878,-2.806226960419326,0.012711982564321605,133,5,1
135.616,0.6630242164049981,0.5383904014103065,-2.7950007652629396,0.010414511340442988,135,13,1
135.808,0.6426668390054248,0.535290303878329,-2.7903543656770227,0.010287463218022796,136,6,1
136.0,0.6301802577192378,0.5329593551751866,-2.7894881806057583,0.01233933172556372,136,7,1
136.192,0.6052413512028204,0.5249528668368282,-2.782685179772956,0.012320801863019586,137,9,1
136.38400000000001,0.5746684703419163,0.5204681463223919,-2.7743527838589315,0.010815205599715261,136,12,1
136.576,0.5497169049376109,0.5094072363749341,-2.765801005208152,0.00975766942170944,137,8,1
136.768,0.5247079450195085,0.5052404239534807,-2.7588959482041635,0.009071400217024057,137,6,1
136.96,0.49833235152981004,0.4971829818122654,-2.7504177573848216,0.009319763930868197,139,7,1
137.15200000000002,0.47916007001124317,0.48908703864854713,-2.746192626566773,0.011908789957353031,140,5,1
137.344,0.4597613651962331,0.4842825759344233,-2.743486258724398,0.01332699344633499,141,6,1
137.536,0.4365810409058584,0.47800981259936,-2.739614706546469,0.012796504924783236,145,6,1
137.728,0.41117340921406564,0.46850215965728614,-2.7337026156821387,0.011711261553105633,148,8,1
137.92000000000002,0.3849370169984082,0.45394829170067724,-2.7243288345263337,0.009134828983875206,148,9,1
138.112,0.35644231597029935,0.44370081744755924,-2.715944780275659,0.010644665763656197,150,10,1
138.304,0.3290729083163728,0.4335663386384355,-2.7082937252792836,0.010243962314718025,149,10,1
138.496,0.30568143870137016,0.4247702523709214,-2.702381382018572,0.010655345293849651,150,6,1
138.68800000000002,0.2842702436505809,0.4146376600487873,-2.6982967710260173,0.009671191507438068,150,6,1
138.88,0.26121956937958807,0.4068352842916484,-2.6945268973043985,0.010420513326446591,152,6,1
139.072,0.23638229223453364,0.39652188171385255,-2.694135050600987,0.012992103864480112,153,2,1
139.264,0.21017808477585,0.3845598293595581,-2.687443239229023,0.00966823788499274,153,8,1
139.456,0.19245676284196814,0.3726881481651562,-2.646182692414952,0.008716183795011377,153,7,1
139.648,0.1901609814827412,0.3743524340724398,-2.505936227594361,0.007310660394565197,153,5,1
139.84,0.190457608531584,0.37378468631211265,-2.366069157069284,0.007077851239766773,153,4,1
140.032,0.1707970080941666,0.36241052625253817,-2.3691704015267248,0.010894452423716448,153,5,1
140.224,0.14926763813619653,0.34184896679806476,-2.368565196217145,0.012963887146456864,153,2,1
140.416,0.12903463408420957,0.32117002798567906,-2.368657127048741,0.01037332841261677,153,2,1
140.608,0.10866110113244141,0.30476064945156267,-2.367171876142821,0.008586053143638452,153,4,1
140.8,0.10596188562928248,0.3015861072788201,-2.2251753638359286,0.008835311592821438,153,4,1
140.992,0.10428643471325617,0.3037837940245263,-2.085445037544018,0.00802021946753978,153,4,1
141.184,0.10386837929162517,0.3037033571723394,-1.9455978861853411,0.007386461767537159,153,4,1
141.376,0.09383218880858779,0.2863200409961021,-1.9482510144788145,0.011076718701898957,153,7,1
141.568,0.08207906189737549,0.2580257880316028,-1.9480612630084162,0.010969875013070987,153,2,1
141.76,0.07457681406902958,0.2370405219845216,-1.8988384810659702,0.010335782587171069,153,3,1
141.952,0.07069769431215842,0.2251451544810687,-1.7974961165934484,0.009286728097341506,153,6,1
142.144,0.06314108751026205,0.20802056190769397,-1.7568869401479081,0.007588771103194826,153,6,1
142.336,0.059573801890457655,0.18325812644729514,-1.7048113415993404,0.0120538405450973,153,5,1
142.528,0.0588411399001612,0.1803779591473049,-1.7048658091544115,0.005810693051000629,153,5,1
142.72,0.059002793149989685,0.18041843279738484,-1.70477845357739,0.00374313538850863,153,2,1
142.912,0.059178698082536126,0.18050161245780028,-1.7048730878555458,0.002722721308923934,153,2,1
143.104,0.0590398480165668,0.18043550835225086,-1.7048277246965082,0.0018054772501134761,153,2,1
143.296,0.05901609378313352,0.1805398394095595,-1.704855790634798,0.001746257518259649,153,2,1
143.488,0.05909036667247648,0.180517478366124,-1.704855213539675,0.0014543293920104168,153,2,1
143.68,0.05898893985772083,0.18042604432943785,-1.7048509018383855,0.0010401293240160263,153,2,1
143.872,0.05898158168112657,0.18037495162845568,-1.7048229111788034,0.0012107075565174381,153,2,1
144.064,0.05901035562643996,0.18045885128726954,-1.7048459754796763,0.0012909823694157378,153,2,1
144.256,0.058981748997017414,0.18046978877786132,-1.704838564387482,0.0010319857326683225,153,2,1
144.448,0.05911104600072605,0.18047508307921267,-1.7048467660619302,0.001175947500446831,153,2,1
144.64000000000001,0.0589879516836272,0.18065876266253955,-1.7048456470496618,0.001089952987885634,153,2,1
144.832,0.0589333706744242,0.18062589132850515,-1.7048470091502914,0.0010892954351136525,153,2,1
145.024,0.05903984856044764,0.18043793592535354,-1.7048436744852205,0.0011374641815126245,153,2,1
145.216,0.058970380877928746,0.1805807181249115,-1.704843962400723,0.0009608151121904265,153,2,1
145.40800000000002,0.05897511919469043,0.1805895682130986,-1.7048446529427417,0.0010563437158113422,153,2,1
145.6,0.059095871314842174,0.18064858732755826,-1.7048440479694535,0.0012348441835127004,153,2,1
145.792,0.05907982795892131,0.1805252828353644,-1.7048435864217533,0.0009287084901170826,153,2,1
145.984,0.058999320846077105,0.18051086119093207,-1.704844114055351,0.0009278482240707044,153,2,1
146.17600000000002,0.05904298720691302,0.18051957572931823,-1.704846308495735,0.0009999659792880634,153,2,1
146.368,0.05893401158109498,0.18055903696122155,-1.7048449353749264,0.0007812381263575085,153,2,1
146.56,0.05893894708177551,0.18067067141902382,-1.704843360258777,0.001324820892329706,153,2,1
146.752,0.05893778230812535,0.18061625756398905,-1.7048447739523014,0.0007908290381179522,153,2,1
146.94400000000002,0.05895707516095849,0.18062893218681753,-1.7048457745371919,0.0009150114748208041,153,2,1
147.136,0.0589773573377852,0.1806152811776674,-1.7048444809528083,0.001084649265519675,153,2,1
147.328,0.05885418722221594,0.18054530207596356,-1.7048434465826605,0.0013505164947371306,153,2,1
147.52,0.05896846139572801,0.1804659986226459,-1.7048442748337405,0.001215861584688612,153,2,1
147.712,0.05896200039170183,0.18054182832685053,-1.704845978523499,0.0011087949519765982,153,2,1
147.904,0.058972394997250266,0.1804900144379156,-1.7048457065931757,0.001117114823438153,153,2,1
148.096,0.05898810174378602,0.18061173568851505,-1.7048425654312094,0.0008971898869433536,153,2,1
148.288,0.05907714623188236,0.18055177779628656,-1.7048438363591947,0.0010924911064278955,153,2,1
148.48,0.05889865654237809,0.18054000672913006,-1.7048444227296886,0.0012693102067197304,153,2,1
148.672,0.058993656550319906,0.18049693755951254,-1.7048453142690743,0.0012286268353753744,153,2,1
148.864,0.058941930476876826,0.18056536560177744,-1.7048437705376351,0.001037153989626867,153,2,1
149.056,0.05886920540025458,0.18047645531446876,-1.7048428410478225,0.0011141610974381337,153,2,1
149.248,0.05880161922730908,0.1805627542145313,-1.7048464192826296,0.0010326046272448367,153,2,1
149.44,0.05889281608148461,0.18052505920050915,-1.7048437809116623,0.0009717026679142356,153,2,1
149.632,0.05894722636764518,0.1805426799045102,-1.704844276655722,0.0009720508118278253,153,2,1
149.824,0.058980875518047746,0.18041042218330944,-1.7048447197008796,0.0011097147088789637,153,2,1
150.016,0.05886236945345012,0.1805341255034107,-1.7048433541482766,0.0013347917300284894,153,2,1
150.208,0.05891255634851293,0.18054613746479142,-1.7048436528745572,0.0007802655102311637,153,2,1
150.4,0.05887956861312062,0.1805587795320484,-1.704842926600984,0.0008278016991517966,153,2,1
150.592,0.058710849074939474,0.18061083976162295,-1.7048427151437273,0.0012777635872324824,153,2,1
150.784,0.058849809856317825,0.1806564534869846,-1.7048436344251852,0.0008488904213835174,153,2,1
150.976,0.058817328539161606,0.18061612234922084,-1.7048435446621535,0.0013154633888226776,153,2,1
151.168,0.05875547743217844,0.18060032442688503,-1.7048415033443887,0.0011962332953179763,153,2,1
151.36,0.058892077566912907,0.18060169973116325,-1.7048449089026063,0.0009400057326554584,153,2,1
151.552,0.058839623803472865,0.18060567873708064,-1.7048444079658656,0.001014509058735762,153,2,1
151.744,0.058773944758535236,0.18059292060879323,-1.704842068819342,0.0012418415802058203,153,2,1
151.936,0.05885100569910551,0.1805723002604319,-1.7048430623487563,0.0009196110307956627,153,2,1
152.12800000000001,0.058733672292877626,0.18062009053370798,-1.7048443056559237,0.0014789532228169158,153,2,1
152.32,0.058831910338811695,0.1806018916541138,-1.7048439943717217,0.0013837603317492513,153,2,1
152.512,0.05877709934262613,0.18056291588102796,-1.7048433312426483,0.001381039805169478,153,2,1
152.704,0.058831430997371946,0.1806309402860252,-1.7048425411630603,0.0010861310041967473,153,2,1
152.89600000000002,0.0588467839938554,0.18057616395747136,-1.7048448446606574,0.0012641653448201683,153,2,1
153.088,0.058866030048557866,0.1805979200215919,-1.7048428406827547,0.0010591148643959213,153,2,1
153.28,0.05876879112329837,0.18063782178737692,-1.7048428487851377,0.0010728101108192182,153,2,1
153.472,0.058725424365429095,0.18060894761459237,-1.7048440755959853,0.000911400510685788,153,2,1
153.66400000000002,0.058727520295799654,0.1806320731876095,-1.7048427307282559,0.001088919375674403,153,2,1
153.856,0.05880057768356149,0.1805476590091049,-1.7048441510256584,0.0012437769838832189,153,2,1
154.048,0.058839322655640444,0.18058781755885317,-1.704843730257928,0.0011610559339705032,153,2,1
154.24,0.05891172569175231,0.18059648997884137,-1.7048431151390608,0.0011472839920501038,153,2,1
154.43200000000002,0.058973041704588836,0.18060761119985594,-1.7048445865799793,0.0011476905579031102,153,2,1
154.624,0.05890390901563264,0.18056341924324498,-1.7048447036948213,0.0011017614222007294,153,2,1
154.816,0.058926098044231955,0.18064352361278319,-1.7048416911687188,0.000983573627528565,153,2,1
155.008,0.05915075112925416,0.18040963331768978,-1.7048447382784904,0.0014227960283721424,153,2,1
155.20000000000002,0.05901550979869987,0.18057748633913906,-1.7048440481491667,0.0009095674792041137,153,2,1
155.392,0.05879348983140283,0.1805755075953185,-1.704842996198937,0.0009440424877861899,153,2,1
155.584,0.05885393828287722,0.18062086092444757,-1.7048437821529776,0.0012584311182586344,153,2,1
155.776,0.05892887388437639,0.18064571033220034,-1.7048432874668449,0.0009464058632088194,153,2,1
155.968,0.05886517693451391,0.1806110914564436,-1.7048425101272615,0.0016731207762895872,153,2,1
156.16,0.05889449811943122,0.18056870149998855,-1.7048419687607754,0.0009039678474498954,153,2,1
156.352,0.059058580059066536,0.18053488539986276,-1.7048442602433287,0.001062359321777324,153,2,1
156.544,0.058853938282877175,0.18062086092444746,-1.7048437821529776,8.26062077288155e-16,153,2,1
156.736,0.058906448297089714,0.18057702058249556,-1.7048440208694091,0.0013604579635178068,153,2,1
156.928,0.0587757807880562,0.18070942444096078,-1.7048447465212606,0.0014602034080261528,153,2,1
157.12,0.05894720735697774,0.18065359860401892,-1.704844905564921,0.0012291011112052373,153,2,1
157.312,0.058934944349700494,0.18061816639970366,-1.7048437040226723,0.0007797371064213335,153,2,1
157.504,0.0589474379577102,0.18047775630950286,-1.7048447209121826,0.000908097578926744,153,2,1
157.696,0.05902512678086205,0.18049708356497587,-1.704843676848335,0.001043891876037669,153,2,1
157.888,0.059041290763048294,0.18046741146267645,-1.704841584253107,0.0010502985907620166,153,2,1
158.08,0.0589388301524498,0.18054254981118611,-1.7048449986701297,0.0006940519558417383,153,2,1
158.272,0.05888586905167057,0.1806393645682755,-1.7048408818092105,0.0012253109105848686,153,2,1
158.464,0.05887754877676277,0.1805659678460634,-1.7048421419679884,0.0008131432635588229,153,2,1
158.656,0.058857466986776616,0.1805902943669654,-1.70484431849371,0.0009679760104097635,153,2,1
158.848,0.058883966340375724,0.18058499152775928,-1.7048432773780486,0.001154192320672056,153,2,1
159.04,0.0588857168089196,0.18052915837504202,-1.7048419357107436,0.0008377935335007734,153,2,1
159.232,0.05889140931425663,0.1805313794523018,-1.7048435984229295,0.0009053618749595953,153,2,1
159.424,0.05892832112688536,0.180466149348073,-1.704843374053375,0.001073272080064483,153,2,1
159.616,0.05892679365357193,0.18050811280068796,-1.7048446262419603,0.0010562392195229138,153,2,1
159.808,0.05884804325681393,0.18052681483056066,-1.7048415464750988,0.001126317690506005,153,2,1
160.0,0.05887659463080241,0.18055740618191324,-1.7048420298642284,0.0009197683330368587,153,2,1
160.192,0.05893901540958146,0.18061742517502907,-1.7048456940826437,0.0009780648677399535,153,2,1
160.38400000000001,0.059092007186797385,0.18050353267346608,-1.7048449493196234,0.0011937729818176257,153,2,1
